time,rain,water_1,water_2,water_3,flow_1,flow_2,flow_3,storage_1,storage_2,storage_3,inflow
2026-05-10 00:10:00,0.0,0.0,0.0,0.0,2.0,0.0,0.06868254,0.0,0.0,0.0,35.712
2026-05-10 00:20:00,0.0,0.0,0.0,0.0,2.0,0.0,2.5886204,0.0,0.0,0.0,35.712
2026-05-10 00:30:00,0.0,0.0,0.0,0.0,2.0,0.0,2.5930333,0.0,0.0,0.0,35.712
2026-05-10 00:40:00,0.0,0.0,0.0,0.0,4.0,0.0,2.593797,0.0,0.0,0.0,35.712
2026-05-10 00:50:00,0.0,0.0,0.0,0.0,2.0,0.0,2.5932982,0.0,0.0,0.0,35.712
2026-05-10 01:00:00,0.0,0.0,0.0,0.0,2.0,0.0,2.5918195,0.0,0.0,0.0,35.712
2026-05-10 01:10:00,0.0,0.0,0.0,0.0,2.0,0.0,2.733234,0.0,0.0,0.0,35.34
2026-05-10 01:20:00,0.0,0.0,0.0,0.0,4.0,0.0,5.3734665,0.0,0.0,0.0,35.34
2026-05-10 01:30:00,0.0,0.0,0.0,0.0,2.0,0.0,5.258078,0.0,0.0,0.0,35.34
2026-05-10 01:40:00,0.0,0.0,0.0,0.0,4.0,0.0,5.2532625,0.0,0.0,0.0,35.34
2026-05-10 01:50:00,0.0,0.0,0.0,0.0,2.0,0.0,5.244126,0.0,0.0,0.0,35.34
2026-05-10 02:00:00,0.0,0.0,0.07977382,0.0001768568,2.0,0.0,5.232033,0.0,0.0,0.0,35.34
2026-05-10 02:10:00,0.0,0.0,0.20937486,0.1571781,2.0,8.4,5.1957846,0.0,0.0,0.0,34.968
2026-05-10 02:20:00,0.0,0.0,0.27855778,0.22809431,2.0,8.4,5.2897553,0.0,0.0,0.0,34.968
2026-05-10 02:30:00,0.0,0.0,0.34007892,0.28983387,4.0,8.4,15.188789,0.0,0.0,0.0,34.968
2026-05-10 02:40:00,0.0,0.0,0.39685392,0.34597847,4.0,8.4,15.492876,0.0,0.0,0.0,34.968
2026-05-10 02:50:00,0.0,0.0,0.4510832,0.40162888,4.0,8.4,16.249525,0.0,0.0,0.0,34.968
2026-05-10 03:00:00,0.0,0.0,0.498432,0.4494529,4.0,8.4,16.384623,0.0,0.0,0.0,34.968
2026-05-10 03:10:00,0.0,0.0,0.5402494,0.49063063,2.0,8.4,16.36876,0.0,0.0,0.0,34.968
2026-05-10 03:20:00,0.0,0.0,0.5811172,0.531245,2.0,8.4,16.36144,0.0,0.0,0.0,34.968
2026-05-10 03:30:00,0.0,0.0,0.62110525,0.5707465,2.0,8.4,16.36393,0.0,0.0,0.0,34.968
2026-05-10 03:40:00,0.0,0.0,0.65675247,0.6070821,2.0,8.4,16.371738,0.0,0.0,0.0,34.968
2026-05-10 03:50:00,0.0,0.0,0.6904715,0.64047563,2.0,8.4,16.364437,0.0,0.0,0.0,34.968
2026-05-10 04:00:00,0.0,0.0,0.72382784,0.67326987,4.0,8.4,16.361973,0.0,0.0,0.0,34.968
2026-05-10 04:10:00,0.0,0.0,0.7564298,0.70663166,4.0,8.4,16.424171,0.0,0.0,0.0,35.712
2026-05-10 04:20:00,0.0,0.0,0.7825199,0.7325393,4.0,8.4,16.433542,0.0,0.0,0.0,35.712
2026-05-10 04:30:00,0.0,0.0,0.808021,0.7578087,2.0,8.4,16.44295,0.0,0.0,0.0,35.712
2026-05-10 04:40:00,0.0,0.0,0.82802737,0.77777106,2.0,8.4,16.487503,0.0,0.0,0.0,35.712
2026-05-10 04:50:00,0.0,0.0,0.84229696,0.7924821,2.0,8.4,16.55548,0.0,0.0,0.0,35.712
2026-05-10 05:00:00,0.0,0.0,0.8562046,0.806379,4.0,8.4,16.65208,0.0,0.0,0.0,35.712
2026-05-10 05:10:00,0.0,0.0,0.8699159,0.81977195,4.0,18.9,16.76537,0.0,0.0,0.0,36.828
2026-05-10 05:20:00,0.0,0.0,0.8831307,0.83311594,2.0,18.9,16.76316,0.0,0.0,0.0,36.828
2026-05-10 05:30:00,0.0,0.0,0.8957832,0.84568024,4.0,18.9,16.78443,0.0,0.0,0.0,36.828
2026-05-10 05:40:00,0.0,0.0,0.9073852,0.8573955,2.0,18.9,17.235678,0.0,0.0,0.0,36.828
2026-05-10 05:50:00,0.0,0.0,0.91843736,0.86833566,2.0,18.9,18.262072,0.0,0.0,0.0,36.828
2026-05-10 06:00:00,0.0,0.0384773,0.9290736,0.8791777,4.0,18.9,18.462297,0.0,0.0,0.0,36.828
2026-05-10 06:10:00,0.0,0.14082898,0.94003177,0.8901003,4.0,18.9,18.6016,0.0,0.0,0.0,38.316
2026-05-10 06:20:00,0.0,0.20819084,0.950719,0.90075475,2.0,18.9,18.61085,0.0,0.0,0.0,38.316
2026-05-10 06:30:00,0.0,0.25506857,0.96144396,0.9115012,4.0,18.9,18.628092,0.0,0.0,0.0,38.316
2026-05-10 06:40:00,0.0,0.30287534,0.97090393,0.92096645,4.0,18.9,18.738373,0.0,0.0,0.0,38.316
2026-05-10 06:50:00,0.0,0.33532703,0.98097575,0.9308919,4.0,18.9,18.88478,0.0,0.0,0.0,38.316
2026-05-10 07:00:00,0.0,0.36664698,0.9915919,0.9415596,4.0,18.9,19.084957,0.0,0.0,0.0,38.316
2026-05-10 07:10:00,0.0,0.4008408,1.0012603,0.9512693,2.0,18.9,19.18197,0.0,0.0,0.0,39.06
2026-05-10 07:20:00,0.0,0.42533928,1.011367,0.9613785,2.0,18.9,19.182814,0.0,0.0,0.0,39.06
2026-05-10 07:30:00,0.0,0.4506325,1.0212823,0.97131664,4.0,18.9,19.190523,0.0,0.0,0.0,39.06
2026-05-10 07:40:00,0.0,0.475976,1.0309896,0.9809998,4.0,18.9,19.26212,0.0,0.0,0.0,39.06
2026-05-10 07:50:00,0.0,0.49944082,1.0409218,0.99093235,4.0,18.9,19.327017,0.0,0.0,0.0,39.06
2026-05-10 08:00:00,0.0,0.5245655,1.0508428,1.0008539,4.0,18.9,19.42934,0.0,0.0,0.0,39.06
2026-05-10 08:10:00,0.0,0.5492074,1.0608435,1.0108428,4.0,18.9,19.446016,0.0,0.0,0.0,39.06
2026-05-10 08:20:00,0.0,0.57322854,1.0709199,1.0209284,4.0,18.9,19.44242,0.0,0.0,0.0,39.06
2026-05-10 08:30:00,0.0,0.5981312,1.080475,1.0304749,4.0,18.9,19.444088,0.0,0.0,0.0,39.06
2026-05-10 08:40:00,0.0,0.62248373,1.0904417,1.0404562,4.0,18.9,19.445011,0.0,0.0,0.0,39.06
2026-05-10 08:50:00,0.0,0.64750135,1.1001228,1.0501155,2.0,18.9,19.442284,0.0,0.0,0.0,39.06
2026-05-10 09:00:00,0.0,0.67204964,1.1108239,1.0608221,2.0,18.9,19.431643,0.0,0.0,0.0,39.06
2026-05-10 09:10:00,0.0,0.6963772,1.1205854,1.0705873,4.0,18.9,19.38417,0.0,0.0,0.0,38.316
2026-05-10 09:20:00,0.0,0.7203711,1.1302979,1.080301,2.0,18.9,19.389463,0.0,0.0,0.0,38.316
2026-05-10 09:30:00,0.0,0.74484736,1.1402918,1.0902936,4.0,18.9,19.369524,0.0,0.0,0.0,38.316
2026-05-10 09:40:00,0.0,0.769037,1.1504834,1.1004848,4.0,18.9,19.313148,0.0,0.0,0.0,38.316
2026-05-10 09:50:00,0.0,0.79254305,1.1605216,1.1105217,4.0,18.9,19.233816,0.0,0.0,0.0,38.316
2026-05-10 10:00:00,0.0,0.81660014,1.1707038,1.1207026,2.0,18.9,19.147274,0.0,0.0,0.0,38.316
2026-05-10 10:10:00,0.0,0.840595,1.181036,1.1310369,2.0,18.9,19.07653,0.0,0.0,0.0,37.572
2026-05-10 10:20:00,0.0,0.8636309,1.1914169,1.1414165,4.0,18.9,19.06994,0.0,0.0,0.0,37.572
2026-05-10 10:30:00,0.0,0.8875919,1.2018743,1.1518748,4.0,18.9,19.051043,0.0,0.0,0.0,37.572
2026-05-10 10:40:00,0.0,0.91071665,1.212438,1.1624384,2.0,18.9,19.020182,0.0,0.0,0.0,37.572
2026-05-10 10:50:00,0.0,0.93397105,1.2231549,1.1731554,4.0,18.9,18.934385,0.0,0.0,0.0,37.572
2026-05-10 11:00:00,0.0,0.9572732,1.2339869,1.1839871,2.0,18.9,18.851057,0.0,0.0,0.0,37.572
2026-05-10 11:10:00,0.0,0.9807132,1.2447447,1.1947443,2.0,18.9,18.80325,0.0,0.0,0.0,37.2
2026-05-10 11:20:00,0.0,1.0042315,1.2560586,1.2060587,2.0,18.9,18.79593,0.0,0.0,0.0,37.2
2026-05-10 11:30:00,0.0,1.0270625,1.2675147,1.217515,2.0,18.9,18.78213,0.0,0.0,0.0,37.2
2026-05-10 11:40:00,0.0,1.0504262,1.2791699,1.2291692,4.0,18.9,18.756968,0.0,0.0,0.0,37.2
2026-05-10 11:50:00,0.0,1.0734394,1.2906533,1.2406434,2.0,18.9,18.707739,0.0,0.0,0.0,37.2
2026-05-10 12:00:00,0.0,1.0949395,1.3001851,1.2501754,2.0,18.9,21.698133,0.0,0.0,0.0,37.2
2026-05-10 12:10:00,0.0,1.099739,1.3063328,1.2563254,2.0,18.9,30.114277,0.0,0.0,0.0,36.828
2026-05-10 12:20:00,0.0,1.0999871,1.3096344,1.2596256,4.0,18.9,30.345161,0.0,0.0,0.0,36.828
2026-05-10 12:30:00,0.0,1.0999788,1.311261,1.2612606,4.0,18.9,30.300833,0.0,0.0,0.0,36.828
2026-05-10 12:40:00,0.0,1.0999106,1.3120123,1.2620099,2.0,18.9,30.265373,0.0,0.0,0.0,36.828
2026-05-10 12:50:00,0.0,1.099901,1.3123512,1.2623487,4.0,18.9,30.23248,0.0,0.0,0.0,36.828
2026-05-10 13:00:00,0.0,1.0999281,1.3124882,1.2624874,4.0,18.9,30.165554,0.0,0.0,0.0,36.828
2026-05-10 13:10:00,0.0,1.0999204,1.3124576,1.2624583,4.0,18.9,30.102493,0.0,0.0,0.0,36.456
2026-05-10 13:20:00,0.0,1.0998828,1.3124739,1.2624725,2.0,18.9,30.057365,0.0,0.0,0.0,36.456
2026-05-10 13:30:00,0.0,1.099882,1.3124577,1.2624544,2.0,18.9,30.04721,0.0,0.0,0.0,36.456
2026-05-10 13:40:00,0.0,1.0998772,1.3124348,1.2624332,2.0,18.9,30.016212,0.0,0.0,0.0,36.456
2026-05-10 13:50:00,0.0,1.0998635,1.3124216,1.2624215,4.0,18.9,29.960611,0.0,0.0,0.0,36.456
2026-05-10 14:00:00,0.0,1.0998539,1.3124142,1.262414,2.0,18.9,29.905155,0.0,0.0,0.0,36.456
2026-05-10 14:10:00,0.0,1.0998538,1.3124089,1.262409,2.0,18.9,29.89084,0.0,0.0,0.0,36.456
2026-05-10 14:20:00,0.0,1.0998561,1.3124164,1.2624134,4.0,18.9,29.880768,0.0,0.0,0.0,36.456
2026-05-10 14:30:00,0.0,1.0998554,1.3124169,1.262417,4.0,18.9,29.868137,0.0,0.0,0.0,36.456
2026-05-10 14:40:00,0.0,1.0998539,1.3124148,1.2624162,2.0,18.9,29.860256,0.0,0.0,0.0,36.456
2026-05-10 14:50:00,0.0,1.0998542,1.3124124,1.2624109,2.0,18.9,29.880053,0.0,0.0,0.0,36.456
2026-05-10 15:00:00,0.0,1.0998552,1.3124211,1.262417,2.0,18.9,29.886473,0.0,0.0,0.0,36.456
2026-05-10 15:10:00,0.0,1.0998578,1.3125004,1.2625018,2.0,18.9,29.903734,0.0,0.0,0.0,36.828
2026-05-10 15:20:00,0.0,1.0998778,1.3125083,1.2625089,2.0,18.9,29.958973,0.0,0.0,0.0,36.828
2026-05-10 15:30:00,0.0,1.0998809,1.3125356,1.2625346,4.0,18.9,29.969374,0.0,0.0,0.0,36.828
2026-05-10 15:40:00,0.0,1.0998957,1.3125682,1.2625662,2.0,18.9,30.028015,0.0,0.0,0.0,36.828
2026-05-10 15:50:00,0.0,1.0999074,1.3125792,1.2625779,4.0,18.9,30.062414,0.0,0.0,0.0,36.828
2026-05-10 16:00:00,0.0,1.0999117,1.3125852,1.2625861,2.0,18.9,30.113176,0.0,0.0,0.0,36.828
2026-05-10 16:10:00,0.0,1.0999196,1.3127501,1.2627509,4.0,18.9,30.196232,0.0,0.0,0.0,37.572
2026-05-10 16:20:00,0.0,1.0999602,1.3127654,1.2627659,4.0,18.9,30.285805,0.0,0.0,0.0,37.572
2026-05-10 16:30:00,0.0,1.0999664,1.312838,1.2628366,4.0,18.9,30.305437,0.0,0.0,0.0,37.572
2026-05-10 16:40:00,0.0,1.0999953,1.3128921,1.262893,2.0,31.5,30.417118,0.0,0.0,0.0,37.572
2026-05-10 16:50:00,0.0,1.1000187,1.3129025,1.2629026,2.0,31.5,30.545935,0.0,0.0,0.0,37.572
2026-05-10 17:00:00,0.0,1.1000273,1.3129132,1.2629104,4.0,31.5,30.683205,0.0,0.0,0.0,37.572
2026-05-10 17:10:00,0.0,1.1000361,1.3131044,1.2630988,4.0,31.5,31.853117,0.0,0.0,0.0,38.316
2026-05-10 17:20:00,0.0,1.1000772,1.3131212,1.263121,2.0,31.5,32.446693,0.0,0.0,0.0,38.316
2026-05-10 17:30:00,0.0,1.1000834,1.3131682,1.2631673,2.0,31.5,32.471325,0.0,0.0,0.0,38.316
2026-05-10 17:40:00,0.0,1.1001123,1.3132355,1.2632324,4.0,31.5,32.58834,0.0,0.0,0.0,38.316
2026-05-10 17:50:00,0.0,1.1001353,1.3132588,1.2632563,2.0,31.5,32.71727,0.0,0.0,0.0,38.316
2026-05-10 18:00:00,0.0,1.1001437,1.3132576,1.2632576,4.0,31.5,32.819183,0.0,0.0,0.0,38.316
2026-05-10 18:10:00,0.0,1.1001527,1.3134291,1.2634288,4.0,31.5,32.897884,0.0,0.0,0.0,39.06
2026-05-10 18:20:00,0.0,1.100193,1.3134589,1.2634556,4.0,31.5,32.9944,0.0,0.0,0.0,39.06
2026-05-10 18:30:00,0.0,1.1001992,1.3135144,1.2635133,4.0,31.5,33.02515,0.0,0.0,0.0,39.06
2026-05-10 18:40:00,0.0,1.1002285,1.3135687,1.2635707,4.0,31.5,33.13884,0.0,0.0,0.0,39.06
2026-05-10 18:50:00,0.0,1.1002511,1.3135865,1.2635854,4.0,31.5,33.266144,0.0,0.0,0.0,39.06
2026-05-10 19:00:00,0.0,1.1002591,1.3135892,1.2635878,2.0,31.5,33.359024,0.0,0.0,0.0,39.06
2026-05-10 19:10:00,0.0,1.1002612,1.3136029,1.263601,2.0,31.5,33.382595,0.0,0.0,0.0,39.06
2026-05-10 19:20:00,0.0,1.1002617,1.3136027,1.2636021,2.0,31.5,33.38363,0.0,0.0,0.0,39.06
2026-05-10 19:30:00,0.0,1.1002618,1.3135939,1.2635946,4.0,31.5,33.38775,0.0,0.0,0.0,39.06
2026-05-10 19:40:00,0.0,1.100262,1.3136039,1.2636029,4.0,31.5,33.39242,0.0,0.0,0.0,39.06
2026-05-10 19:50:00,0.0,1.100262,1.3136045,1.2636036,4.0,31.5,33.396393,0.0,0.0,0.0,39.06
2026-05-10 20:00:00,0.0,1.1002618,1.3136007,1.2636019,2.0,31.5,33.401134,0.0,0.0,0.0,39.06
2026-05-10 20:10:00,0.0,1.1002553,1.3134292,1.2634294,4.0,31.5,33.325504,0.0,0.0,0.0,38.316
2026-05-10 20:20:00,0.0,1.1002158,1.3134142,1.263413,4.0,31.5,33.250065,0.0,0.0,0.0,38.316
2026-05-10 20:30:00,0.0,1.1002095,1.3133577,1.2633595,2.0,31.5,33.222084,0.0,0.0,0.0,38.316
2026-05-10 20:40:00,0.0,1.1001804,1.3132923,1.2632942,2.0,31.5,33.106567,0.0,0.0,0.0,38.316
2026-05-10 20:50:00,0.0,1.1001579,1.3132768,1.2632755,2.0,31.5,32.973232,0.0,0.0,0.0,38.316
2026-05-10 21:00:00,0.0,1.1001498,1.31328,1.2632778,2.0,31.5,32.874954,0.0,0.0,0.0,38.316
2026-05-10 21:10:00,0.0,1.1001409,1.3131008,1.2631003,2.0,31.5,32.77583,0.0,0.0,0.0,37.572
2026-05-10 21:20:00,0.0,1.1001004,1.3130716,1.2630721,2.0,31.5,32.702324,0.0,0.0,0.0,37.572
2026-05-10 21:30:00,0.0,1.1000941,1.3130177,1.2630155,2.0,31.5,32.672455,0.0,0.0,0.0,37.572
2026-05-10 21:40:00,0.0,1.1000651,1.3129671,1.2629646,2.0,31.5,32.56038,0.0,0.0,0.0,37.572
2026-05-10 21:50:00,0.0,1.1000423,1.3129424,1.262944,2.0,31.5,32.438496,0.0,0.0,0.0,37.572
2026-05-10 22:00:00,0.0,1.1000339,1.3129321,1.2629322,4.0,31.5,32.338005,0.0,0.0,0.0,37.572
2026-05-10 22:10:00,0.0,1.1000248,1.3127576,1.2627555,2.0,31.5,32.246582,0.0,0.0,0.0,36.828
2026-05-10 22:20:00,0.0,1.0999843,1.3127425,1.26274,2.0,31.5,32.147163,0.0,0.0,0.0,36.828
2026-05-10 22:30:00,0.0,1.0999779,1.3126765,1.262678,2.0,31.5,32.14288,0.0,0.0,0.0,36.828
2026-05-10 22:40:00,0.0,1.0999491,1.3126191,1.2626183,2.0,31.5,32.042614,0.0,0.0,0.0,36.828
2026-05-10 22:50:00,0.0,1.0999256,1.3126018,1.2626008,2.0,31.5,31.915524,0.0,0.0,0.0,36.828
2026-05-10 23:00:00,0.0,1.0999172,1.3125956,1.2625932,2.0,31.5,31.79883,0.0,0.0,0.0,36.828
2026-05-10 23:10:00,0.0,1.0999112,1.3125081,1.2625091,2.0,31.5,31.726355,0.0,0.0,0.0,36.456
2026-05-10 23:20:00,0.0,1.0998905,1.312486,1.2624882,2.0,31.5,31.678766,0.0,0.0,0.0,36.456
2026-05-10 23:30:00,0.0,1.0998873,1.3124619,1.2624593,4.0,31.5,31.663895,0.0,0.0,0.0,36.456
2026-05-10 23:40:00,0.0,1.0998728,1.3124357,1.262433,4.0,44.1,31.625034,0.0,0.0,0.0,36.456
2026-05-10 23:50:00,0.0,1.0998609,1.3124238,1.2624234,2.0,44.1,31.572392,0.0,0.0,0.0,36.456
2026-05-11 00:00:00,0.0,1.0998565,1.3124202,1.2624202,2.0,44.1,31.51683,0.0,0.0,0.0,36.456
