time,system|rainfall,link|P1|flow,link|P2|flow,link|42722|flow,link|20945|flow,link|21854|flow,link|325|flow,link|12660|flow,link|21823|flow,link|20648|flow,link|20647|flow,link|21822|flow,link|21792|flow,link|21796|flow,link|21788|flow,node|J03260054|depth,node|J03262001|depth,node|J03260051|depth,node|J03262031|depth,node|J03260048|depth,node|J03260041|depth,node|J03261014|depth,node|J03260033|depth,node|J03260038|depth,node|J03261009|depth,node|J03235003|depth,node|J03263052|depth,node|J03260029|depth,node|J03260026|depth,node|J03263039|depth,node|J03411080|depth,node|J03263058|depth,node|J03235002|depth,node|J03190142|depth,node|J03190161|depth,node|J03411020|depth,node|J03190164|depth,node|J03380238|depth,node|J03260559|depth,pump|P1|status,pump|P2|status
2026-05-11 00:00:00,0.0,4.0,63.25,-27.164473,39.29963,27.61,27.628302,25.127583,25.25351,25.163736,24.789326,25.369951,24.752008,24.866705,24.982761,2.0032818,1.8843027,1.8109784,1.7841637,1.7295562,1.624439,1.3999659,1.4132416,1.4041346,1.3878324,1.3209323,1.3148073,1.3058214,1.318842,1.2658155,1.145465,1.22476,1.2209283,1.0999767,1.0916483,1.0608765,1.0717031,1.061489,1.0529772,1,1
2026-05-11 00:10:00,0.0,4.0,63.25,-77.90795,39.38139,27.688747,27.68553,25.380522,24.122202,24.844215,25.020536,24.426603,25.078947,25.138275,24.95377,1.9757878,1.8923737,1.8071972,1.7965083,1.739556,1.6311642,1.402052,1.4139977,1.4073112,1.3882096,1.3209058,1.3176969,1.3032864,1.3124177,1.267767,1.2271733,1.2284386,1.2209045,1.0999724,1.092141,1.0024195,1.0719811,1.0620115,1.0529475,1,1
2026-05-11 00:20:00,0.0,2.0,63.25,-21.556637,39.414806,27.723804,27.736006,24.9668,25.014116,25.108395,25.188208,25.056427,25.053389,24.85293,25.017305,1.964737,1.8884246,1.817759,1.7947133,1.7450628,1.6303663,1.405263,1.4090246,1.402914,1.3899374,1.3209615,1.3202596,1.3038921,1.3102652,1.2711948,1.3110656,1.232725,1.2209872,1.0999702,1.0933899,1.1624451,1.0637431,1.0612973,1.0529599,1,1
2026-05-11 00:30:00,0.0,4.0,63.25,-70.87159,39.344532,27.655582,27.659204,25.109417,25.176247,25.093775,24.725079,25.270237,24.674507,24.783775,24.871702,1.9679277,1.8819622,1.8384749,1.7793392,1.7391611,1.6185496,1.4052823,1.4126678,1.4030353,1.3891026,1.320922,1.3243278,1.3150628,1.3125628,1.272852,1.2983757,1.2353191,1.2209108,1.0999677,1.0932881,1.0993936,1.0708574,1.0619438,1.0529451,1,1
2026-05-11 00:40:00,0.0,4.0,63.25,-18.382362,39.322784,27.64337,27.622747,26.070997,25.2608,24.759953,25.078331,24.710262,25.218414,25.297203,24.989576,1.951937,1.8765793,1.8453459,1.775741,1.7453176,1.6170424,1.4084435,1.4094281,1.3982104,1.3896089,1.3209516,1.3197131,1.3195206,1.3101051,1.2711982,1.1814016,1.2276549,1.2209141,1.0999652,1.0917983,1.0537,1.0719099,1.061838,1.05295,1,1
2026-05-11 00:50:00,0.0,4.0,63.25,-73.320465,39.33003,27.659874,27.664135,25.493391,25.51598,25.548923,25.605652,25.538885,25.632175,25.47826,25.323996,1.9302791,1.8705043,1.8642685,1.7769709,1.7584941,1.6203746,1.4128553,1.4049278,1.3931113,1.3903111,1.321025,1.3174795,1.3173227,1.3030832,1.2679961,1.1985459,1.227576,1.2210226,1.099966,1.0919411,1.0138731,1.0719706,1.0618643,1.0529369,1,1
2026-05-11 01:00:00,0.0,4.0,63.25,-21.220673,39.533394,27.860697,27.887985,25.687044,25.782831,25.824333,25.431675,25.895218,25.294909,25.367067,25.450245,1.920616,1.8714548,1.875037,1.7614752,1.7483584,1.6045368,1.4106919,1.4121132,1.3979738,1.3875747,1.3209836,1.3198847,1.3303106,1.3053063,1.2703867,1.3131045,1.2295789,1.2209777,1.0999718,1.091435,1.1641344,1.0751604,1.0598857,1.0529522,1,1
2026-05-11 01:10:00,0.0,2.0,63.25,-69.41526,39.78795,28.102621,28.103802,25.86362,25.652475,24.998621,25.253996,25.061378,25.511627,25.654724,25.546364,1.9211535,1.8603405,1.8993956,1.7534893,1.7586393,1.5944383,1.4163748,1.3975152,1.382481,1.3903637,1.320949,1.3192508,1.3274457,1.3018357,1.2692035,1.3107889,1.2295197,1.2209369,1.0999742,1.092757,1.1200762,1.0712725,1.06127,1.052936,1,1
2026-05-11 01:20:00,0.0,2.0,63.25,-35.08676,39.940937,28.253925,28.291683,23.790653,25.242695,25.41234,25.47477,25.368158,25.525526,25.414461,25.444542,1.8871373,1.8646203,1.8791704,1.7578517,1.7542,1.6033225,1.4147711,1.4085048,1.393248,1.3871781,1.3209571,1.3149645,1.33795,1.3008701,1.2657489,1.2246587,1.2236974,1.2209499,1.099971,1.0895075,1.0354586,1.074743,1.0608914,1.0529196,1,1
2026-05-11 01:30:00,0.0,2.0,63.25,-64.76006,39.89673,28.197235,28.176895,24.990011,25.072388,25.243057,25.134417,25.131086,24.89059,24.848648,25.209017,1.9206109,1.8507715,1.9092612,1.7473991,1.7566433,1.594086,1.412502,1.3935032,1.3785449,1.385924,1.320836,1.313597,1.3271435,1.2992928,1.2640775,1.1470827,1.2232493,1.220818,1.0999701,1.0917785,1.0716677,1.0715497,1.0616685,1.0529374,1,1
2026-05-11 01:40:00,0.0,2.0,63.25,-47.402115,39.678516,27.974659,27.957285,25.009333,25.25897,24.510815,24.492443,24.971703,24.671112,24.853256,24.849365,1.8868798,1.8655136,1.8712053,1.7634982,1.7540936,1.610681,1.412147,1.4083786,1.3933088,1.3863108,1.3209226,1.3155259,1.333458,1.2990941,1.2650341,1.2181351,1.2262247,1.2209241,1.0999713,1.0919243,1.0024474,1.071836,1.0618632,1.0529238,1,1
2026-05-11 01:50:00,0.0,4.0,63.25,-57.46173,39.405643,27.699245,27.703886,24.742085,23.826836,24.727573,24.888773,24.286388,24.980585,25.00459,24.871288,1.930967,1.847876,1.8982207,1.748156,1.750637,1.6013519,1.4106818,1.3954399,1.378673,1.3842375,1.3209116,1.3195429,1.3285545,1.3023715,1.2680962,1.2390887,1.2305586,1.2209139,1.099975,1.09348,1.130628,1.067304,1.0617322,1.05293,1,1
2026-05-11 02:00:00,0.0,4.0,63.25,-61.845867,39.258694,27.568153,27.568558,24.71858,24.792362,24.90669,24.601828,24.878067,24.416256,24.45661,24.743298,1.9026812,1.8686945,1.8543172,1.7697378,1.7559421,1.6156048,1.4111918,1.4054741,1.3938748,1.3856041,1.3209174,1.3181965,1.3260962,1.29975,1.2723849,1.3307366,1.2306653,1.2208695,1.0999763,1.0934254,1.1679626,1.0707444,1.061608,1.0529261,1,1
2026-05-11 02:10:00,0.0,4.0,63.25,-55.092663,39.158195,27.460625,27.471107,25.388105,24.305334,24.167797,24.487066,23.970959,24.609985,24.68517,24.553839,1.9492652,1.8721269,1.869378,1.768231,1.7479024,1.6024746,1.4060781,1.39842,1.3882284,1.3844215,1.3209333,1.319843,1.3210411,1.3037622,1.2697871,1.2442774,1.2291106,1.2209272,1.0999764,1.0903066,1.0544047,1.0741543,1.0615842,1.052915,1,1
2026-05-11 02:20:00,0.0,2.0,63.25,-68.67831,39.041878,27.336475,27.34773,24.45327,24.484783,24.556528,24.63918,24.526018,24.62431,24.453775,24.540724,1.9292464,1.878223,1.8363197,1.7787707,1.7482194,1.6184632,1.408115,1.4078228,1.3978723,1.3851738,1.3209869,1.3181376,1.3203951,1.303618,1.2693236,1.1790612,1.2268213,1.2210027,1.0999774,1.0911428,1.0480098,1.0710789,1.0618404,1.0529274,1,1
2026-05-11 02:30:00,0.0,4.0,63.25,-52.191917,38.93214,27.225973,27.21071,24.612797,24.675276,24.777304,24.466112,24.741995,24.217293,24.222832,24.377409,1.9715915,1.8713799,1.8491008,1.7695765,1.736629,1.612489,1.4054798,1.4023888,1.3926716,1.3869286,1.3209169,1.3175904,1.3167585,1.3117157,1.2685082,1.1499331,1.2265459,1.2209245,1.0999742,1.091527,1.0578307,1.0715692,1.0616126,1.0529163,1,1
2026-05-11 02:40:00,0.0,4.0,63.25,-79.107666,38.815178,27.114145,27.108828,25.093996,25.20608,24.272015,24.38922,24.620045,24.585157,24.712574,24.469416,1.9546862,1.8955595,1.8023927,1.7982119,1.7462091,1.6303458,1.4058421,1.4118402,1.4066057,1.3860043,1.3208861,1.3195043,1.309886,1.3088956,1.2693223,1.2285494,1.2297857,1.2208848,1.0999681,1.091981,1.0139254,1.0719014,1.0619193,1.0529033,1,1
2026-05-11 02:50:00,0.0,4.0,63.25,-38.991444,38.83727,27.16414,27.18148,23.00052,24.026316,24.958735,25.03044,24.708735,25.109428,25.061544,24.870306,1.9926572,1.8910019,1.8150836,1.798395,1.7401291,1.6298788,1.4041066,1.4046261,1.4022337,1.3893398,1.3209656,1.3210851,1.3010104,1.3136154,1.2720208,1.3074524,1.2325673,1.2209679,1.099967,1.089235,1.1609037,1.0736878,1.061791,1.0529201,1,1
2026-05-11 03:00:00,0.0,4.0,63.25,-75.12224,39.043186,27.379025,27.406254,25.02115,25.101276,25.248272,24.970333,25.148804,24.690334,24.669086,24.869131,1.9963058,1.882484,1.8005629,1.7885517,1.7281406,1.6349851,1.3956258,1.4189745,1.4072129,1.3847737,1.320863,1.3206726,1.3098946,1.3193538,1.2642376,1.3244097,1.2311581,1.2208598,1.0999672,1.0925399,1.151407,1.0719789,1.0621408,1.052905,1,1
2026-05-11 03:10:00,0.0,2.0,63.25,-51.609493,39.24488,27.56759,27.568823,24.786499,24.924896,24.192911,24.358732,24.489819,24.615808,24.814873,24.848892,1.9755913,1.9080892,1.7924013,1.8176411,1.7500627,1.6336399,1.4082756,1.4027838,1.4050599,1.3892189,1.3208281,1.318162,1.2904755,1.306447,1.2706321,1.2399695,1.2278064,1.2208499,1.0999708,1.0887246,1.0514774,1.075826,1.0617067,1.0528451,1,1
2026-05-11 03:20:00,0.0,2.0,63.25,-44.653805,39.292694,27.601414,27.595081,23.305325,23.587694,24.571291,24.659431,24.254683,24.743654,24.721535,24.66286,2.0036883,1.881084,1.8133976,1.780523,1.7227265,1.6235149,1.3951162,1.4156984,1.4045757,1.3845619,1.3209163,1.318168,1.3104206,1.3195885,1.269308,1.172539,1.2253852,1.2208751,1.0999752,1.0913556,1.0553812,1.0716515,1.0615706,1.0529382,1,1
2026-05-11 03:30:00,0.0,2.0,63.25,-60.237263,39.122593,27.409674,27.397781,24.626383,24.682072,24.768824,24.518534,24.714933,24.249704,24.225395,24.473885,1.9611657,1.9018613,1.7978911,1.8105686,1.7515932,1.6344712,1.4055965,1.404936,1.4047761,1.3875059,1.3208991,1.3141276,1.2940859,1.3062285,1.2648675,1.1557238,1.2230296,1.2209032,1.0999775,1.0920911,1.0483758,1.0721107,1.061768,1.0529077,1,1
2026-05-11 03:40:00,0.0,2.0,63.25,-38.26751,38.921955,27.216906,27.203495,24.878107,24.534388,24.011627,24.262228,24.001724,24.505148,24.622217,24.443388,1.994393,1.8757819,1.82568,1.7755241,1.7282339,1.6176146,1.3973047,1.4112673,1.3986976,1.3838733,1.3208945,1.317153,1.3100479,1.3165612,1.2661436,1.2351385,1.2279944,1.2208949,1.0999719,1.0922188,1.0155475,1.0711516,1.0614614,1.0529082,1,1
2026-05-11 03:50:00,0.0,4.0,63.25,-58.848694,38.867023,27.168926,27.151665,23.92052,24.60682,24.702435,24.757444,24.674189,24.769627,24.616331,24.502449,1.9441708,1.8959525,1.8123091,1.7986128,1.7527332,1.6244203,1.404909,1.4056044,1.4023634,1.3888894,1.3207986,1.3200979,1.2992586,1.3049216,1.2695498,1.3074516,1.2335923,1.2207952,1.0999708,1.092817,1.1585989,1.0686363,1.0622936,1.0529056,1,1
2026-05-11 04:00:00,0.0,4.0,63.25,-26.50493,38.838387,27.145262,27.155914,24.610617,24.63964,24.727564,24.562134,24.655256,24.31137,24.272955,24.523943,1.9652721,1.8678648,1.8511441,1.7643582,1.7351491,1.6098936,1.4014635,1.4122669,1.3999131,1.3849927,1.3209867,1.3235828,1.3160408,1.3144773,1.2722695,1.3150865,1.234112,1.2209322,1.0999715,1.0900352,1.1349605,1.0746754,1.0617813,1.0529044,1,1
2026-05-11 04:10:00,0.0,2.0,63.25,-57.395565,38.904774,27.229837,27.253063,25.162075,25.031984,24.260057,24.457947,24.411797,24.680527,24.788181,24.471128,1.9269054,1.8855722,1.8557892,1.7834923,1.7577535,1.6180015,1.4072174,1.4036775,1.3993057,1.3901452,1.3210111,1.3202254,1.3116813,1.3033528,1.2716627,1.2227374,1.229427,1.2209777,1.0999719,1.0893244,1.0365554,1.074915,1.0624998,1.0528814,1,1
2026-05-11 04:20:00,0.0,2.0,63.25,-21.066296,38.892426,27.210226,27.201717,24.974974,24.99014,25.028938,25.076895,25.012753,25.126394,25.020317,24.867918,1.9343979,1.8580414,1.8756711,1.7516062,1.7432431,1.6044683,1.4089432,1.4110459,1.3925054,1.3863561,1.3209308,1.3168542,1.3318714,1.3114247,1.268233,1.1467309,1.2254764,1.2209245,1.0999726,1.091137,1.0622495,1.071412,1.0615674,1.0528982,1,1
2026-05-11 04:30:00,0.0,2.0,63.25,-59.093845,39.057495,27.38634,27.428614,25.189943,25.239937,25.295475,24.95222,25.304588,24.768387,24.821072,24.908405,1.9089051,1.8722725,1.8840731,1.7684976,1.7624465,1.604281,1.4111133,1.3980316,1.3891448,1.3890662,1.320785,1.316729,1.321244,1.2985603,1.2665193,1.214896,1.2261164,1.2207828,1.0999697,1.0923992,1.007607,1.0714556,1.0614575,1.0529042,1,1
2026-05-11 04:40:00,0.0,4.0,63.25,-21.168854,39.285,27.60812,27.618633,25.372108,25.396517,24.563122,24.769966,24.79616,25.024328,25.193811,25.0343,1.9073206,1.8578951,1.8852328,1.7500832,1.7505934,1.6051996,1.4115193,1.4112327,1.3926587,1.3869716,1.3209455,1.3192753,1.3373613,1.3058296,1.2665793,1.294148,1.2304407,1.2209444,1.0999677,1.0907336,1.1505537,1.072928,1.0619581,1.0528923,1,1
2026-05-11 04:50:00,0.0,2.0,63.25,-63.336662,39.429047,27.738354,27.71473,22.30629,24.525509,25.241167,25.302454,25.096834,25.368494,25.277786,25.106977,1.9246441,1.8531138,1.9055297,1.7532258,1.7543672,1.6025202,1.4155077,1.396478,1.3818063,1.3886964,1.3209267,1.3181046,1.3280864,1.3000764,1.2649393,1.3181413,1.228297,1.2209284,1.0999665,1.0919462,1.12602,1.0716711,1.0628424,1.0529218,1,1
2026-05-11 05:00:00,0.0,4.0,63.25,-36.75652,39.454597,27.777369,27.791721,25.333426,25.379911,25.498238,25.401346,25.413961,25.082958,24.931322,25.136793,1.8884629,1.8714199,1.8692422,1.7652521,1.7589456,1.6077464,1.4145616,1.4108413,1.3975735,1.3890584,1.3209014,1.3152893,1.3358806,1.2998774,1.2655029,1.2114711,1.2242914,1.2208967,1.0999651,1.0930896,1.0379287,1.0691993,1.0614666,1.0528982,1,1
2026-05-11 05:10:00,0.0,2.0,63.25,-58.441273,39.48453,27.81317,27.824663,25.388008,25.660585,25.044617,24.87934,25.523258,25.008045,25.175848,25.170061,1.9398938,1.8523762,1.9036767,1.7466705,1.7484872,1.5981643,1.4154282,1.400125,1.3837581,1.3890109,1.3208469,1.3156587,1.3320658,1.3060526,1.2656736,1.1556473,1.2260449,1.2208488,1.0999657,1.0915488,1.0501567,1.0711585,1.061547,1.0528972,1,1
2026-05-11 05:20:00,0.0,2.0,63.25,-47.117737,39.564026,27.883799,27.875965,25.364168,25.402117,25.475246,25.549887,25.435186,25.400528,25.157839,25.360235,1.9049087,1.8770198,1.8530545,1.7766432,1.7569939,1.6197594,1.4131869,1.4107007,1.3996401,1.3871778,1.3207786,1.3197739,1.3293172,1.3017575,1.2723724,1.259462,1.23026,1.2207775,1.0999683,1.09004,1.0301766,1.0739733,1.0622483,1.0528846,1,1
2026-05-11 05:30:00,0.0,4.0,63.25,-62.005894,39.62787,27.945004,27.963047,25.311403,25.39773,25.3685,24.99647,25.50603,24.929598,25.039534,25.228304,1.9536979,1.8513303,1.8808414,1.7552739,1.7441126,1.6124592,1.411292,1.4022851,1.3835169,1.3897827,1.3208519,1.3242087,1.3243406,1.3085134,1.265185,1.3339719,1.2339718,1.2207798,1.0999709,1.0898337,1.1885544,1.0763108,1.0610793,1.0529046,1,1
2026-05-11 05:40:00,0.0,2.0,63.25,-54.370674,39.642834,27.9595,27.988895,25.808645,25.321583,24.810793,25.050064,24.771122,25.29186,25.385426,25.169205,1.9227456,1.8842635,1.8309854,1.7878379,1.7513622,1.6277051,1.411804,1.4077525,1.3993194,1.3888732,1.3208973,1.3188113,1.3202398,1.3018247,1.2696416,1.2684956,1.2291604,1.2208464,1.0999681,1.0902307,1.075406,1.0729393,1.0622805,1.0528998,1,1
2026-05-11 05:50:00,0.0,2.0,63.25,-53.564106,39.584526,27.907711,27.940062,24.955256,25.060564,25.19815,25.282753,25.134853,25.341068,25.246191,25.327795,1.9773506,1.8661361,1.8483229,1.7668213,1.73742,1.6101036,1.4066817,1.4017812,1.3901742,1.386615,1.3208109,1.3167574,1.317762,1.3104333,1.2679832,1.1924118,1.2257355,1.2208403,1.0999638,1.091573,1.0409793,1.0720419,1.061478,1.0528927,1,1
2026-05-11 06:00:00,0.0,2.0,63.25,-80.09168,39.616592,27.945156,27.94766,24.737137,24.809008,24.961973,24.78472,24.865652,24.549726,24.537645,24.932398,1.9571983,1.8939998,1.8037915,1.7969126,1.7395064,1.631288,1.4052945,1.4117521,1.4068338,1.3866436,1.3208036,1.3174971,1.3100673,1.3086454,1.2679008,1.1460792,1.2261251,1.2208068,1.0999631,1.0915191,1.0571721,1.0716957,1.0618345,1.0528834,1,1
2026-05-11 06:10:00,0.0,4.0,63.25,-46.283268,39.463947,27.785006,27.786816,24.702183,24.934263,24.126198,24.177244,24.547586,24.371723,24.55107,24.58424,1.976151,1.890224,1.8135897,1.7974237,1.744181,1.6272006,1.4047432,1.4018576,1.3977559,1.3880755,1.3208469,1.3179216,1.2991277,1.3100908,1.2672516,1.2283595,1.2282425,1.2208452,1.0999647,1.0916668,1.0090257,1.0723665,1.0617477,1.0528845,1,1
2026-05-11 06:20:00,0.0,2.0,63.25,-77.450516,39.117428,27.432549,27.411453,22.800581,24.502087,24.645918,24.706629,24.619165,24.745611,24.624416,24.594248,1.9901308,1.8888018,1.8016341,1.7878256,1.7268797,1.6230679,1.3990532,1.4177026,1.4083625,1.3859015,1.3208299,1.3200749,1.3122,1.3154794,1.2705799,1.307455,1.2329397,1.2208321,1.0999689,1.0899136,1.1557351,1.0746534,1.0619419,1.0528768,1,1
2026-05-11 06:30:00,0.0,2.0,63.25,-51.584236,38.952763,27.25795,27.222372,24.627047,24.69334,24.836863,24.684242,24.740086,24.402504,24.330786,24.518839,1.9775999,1.9068155,1.7938024,1.8163974,1.7495611,1.6420461,1.4071218,1.4036533,1.4068768,1.3883454,1.3209498,1.3213136,1.292193,1.3045841,1.2650596,1.3238719,1.2314215,1.2209338,1.0999745,1.0935792,1.1474648,1.0676506,1.0611022,1.052902,1,1
2026-05-11 06:40:00,0.0,2.0,63.25,-45.78231,38.9097,27.211851,27.222054,25.390392,24.136986,24.210508,24.514988,23.940573,24.614594,24.682947,24.477745,2.010955,1.8826153,1.805434,1.7850744,1.7239166,1.6297107,1.3950272,1.4162719,1.4060916,1.3841741,1.3209902,1.3168564,1.3070799,1.318786,1.2705959,1.2378092,1.2262534,1.2210264,1.0999738,1.0891477,1.0423198,1.0751312,1.0616838,1.0528826,1,1
2026-05-11 06:50:00,0.0,2.0,63.25,-71.52986,38.928673,27.231876,27.216068,24.487663,24.541746,24.614828,24.69156,24.588076,24.652542,24.471582,24.549728,1.9804837,1.8996804,1.7903664,1.8050056,1.7401431,1.6345996,1.4023609,1.4105312,1.4082224,1.3868066,1.3208296,1.3154337,1.2961857,1.3106714,1.2668573,1.1677754,1.2239525,1.2208295,1.099971,1.0912563,1.0580052,1.071229,1.0614722,1.0528674,1,1
2026-05-11 07:00:00,0.0,2.0,63.25,-26.3445,38.919296,27.232355,27.245852,24.48223,24.537907,24.629728,24.340517,24.604036,24.159517,24.19981,24.397295,1.9853067,1.8919035,1.8001848,1.7963637,1.736201,1.6290716,1.4028155,1.4095336,1.4039878,1.3878349,1.3208443,1.3154926,1.3011017,1.3118407,1.265532,1.162394,1.2240397,1.2208413,1.0999703,1.0914134,1.0381649,1.071512,1.061507,1.0528772,1,1
2026-05-11 07:10:00,0.0,2.0,63.25,-73.17868,38.85246,27.171402,27.168423,24.73935,24.828646,24.001705,24.168077,24.273766,24.371712,24.50526,24.338655,1.9794539,1.8816662,1.8101344,1.7888607,1.7332546,1.6319399,1.4007306,1.4132615,1.4027259,1.3866098,1.3207757,1.3180377,1.3066303,1.3130956,1.2668704,1.2393855,1.228906,1.2207758,1.0999674,1.0897561,1.0376158,1.0736725,1.0620348,1.0528792,1,1
2026-05-11 07:20:00,0.0,4.0,63.25,-23.892412,38.782654,27.103168,27.065308,22.612944,23.757372,24.62962,24.692549,24.417654,24.76321,24.702044,24.533556,1.9687761,1.8841779,1.8191302,1.7900934,1.7426088,1.6276091,1.4028969,1.4076103,1.4004728,1.3876035,1.3209324,1.3199372,1.3023614,1.3084798,1.2711704,1.3037801,1.2321224,1.2209926,1.0999676,1.0941443,1.1729618,1.0689012,1.0609269,1.0528721,1,1
2026-05-11 07:30:00,0.0,4.0,63.25,-65.60827,38.816723,27.138096,27.133215,24.776123,24.849216,24.979328,24.696817,24.919344,24.440042,24.433647,24.570381,1.9671415,1.8768728,1.8359271,1.778264,1.7352185,1.6159863,1.4011824,1.4097083,1.3985184,1.3861094,1.3209314,1.3214288,1.3100038,1.3111587,1.2683798,1.3115685,1.2324778,1.2209378,1.0999702,1.0933944,1.130594,1.0683135,1.062101,1.0528723,1,1
2026-05-11 07:40:00,0.0,2.0,63.25,-25.10641,38.916508,27.22352,27.212976,25.322687,24.406199,24.075483,24.319431,23.957012,24.556131,24.65713,24.604546,1.9335331,1.880268,1.8356926,1.7823749,1.7512554,1.62024,1.4066459,1.4084179,1.4011067,1.3879975,1.3208283,1.320014,1.3117259,1.3048095,1.2695396,1.2342396,1.2282705,1.2208192,1.0999714,1.0941566,1.0370195,1.0686613,1.0612341,1.0528923,1,1
2026-05-11 07:50:00,0.0,2.0,63.25,-64.01438,39.027054,27.340374,27.333033,24.608007,24.651915,24.719973,24.780422,24.694836,24.767508,24.58936,24.546995,1.9440634,1.8618041,1.8762546,1.7584815,1.7441134,1.6055022,1.4069319,1.4049678,1.3901126,1.3865371,1.3209192,1.3179567,1.3219192,1.3068317,1.269115,1.1615908,1.2260429,1.220905,1.0999678,1.0916337,1.0626698,1.0710727,1.0614427,1.0528544,1,1
2026-05-11 08:00:00,0.0,2.0,63.25,-24.064127,38.926292,27.237387,27.211977,24.881851,24.904732,24.999226,24.758154,24.934744,24.495506,24.474422,24.561344,1.9038409,1.8684622,1.8654209,1.766704,1.7522732,1.6140101,1.4122106,1.4085163,1.3950579,1.3871176,1.3208721,1.3163522,1.3275354,1.3004304,1.2671516,1.1715338,1.2251447,1.2208734,1.0999668,1.0913002,1.0302479,1.0714272,1.061875,1.052859,1,1
2026-05-11 08:10:00,0.0,2.0,63.25,-60.128212,38.92697,27.246187,27.240236,25.354986,24.92807,24.325258,24.543003,24.339743,24.778944,24.875465,24.697845,1.9245516,1.8497016,1.9028732,1.748827,1.7524879,1.5969868,1.4122905,1.3970592,1.3818084,1.3867608,1.3208694,1.3170941,1.3258214,1.3011862,1.2671332,1.2384021,1.227194,1.2208707,1.0999647,1.0919724,1.0452083,1.0716724,1.0618024,1.0528672,1,1
2026-05-11 08:20:00,0.0,2.0,63.25,-41.30069,39.076298,27.399937,27.399708,24.774908,24.973495,25.069696,25.138725,25.032572,25.169819,25.034193,24.944418,1.8814875,1.8674612,1.8752371,1.761331,1.7588943,1.6046981,1.415218,1.4065273,1.3938147,1.3875865,1.320881,1.3186235,1.3322413,1.2980189,1.2651424,1.3316432,1.228911,1.2208539,1.0999657,1.0928688,1.1889348,1.0684282,1.0614496,1.0528778,1,1
2026-05-11 08:30:00,0.0,2.0,63.25,-49.023117,39.168427,27.482952,27.485395,24.95416,25.001366,25.1182,24.947908,25.029842,24.696947,24.66521,24.884949,1.9204749,1.8519424,1.9052383,1.7419113,1.7529091,1.5888691,1.4097391,1.3992926,1.3812959,1.3848375,1.3209168,1.3164264,1.3343432,1.3021517,1.2661109,1.2920818,1.2265494,1.2209388,1.0999694,1.0864369,1.0997247,1.0783814,1.0621129,1.0528711,1,1
2026-05-11 08:40:00,0.0,2.0,63.25,-57.81066,39.302612,27.613749,27.621372,24.953272,25.222776,24.45681,24.475609,24.896397,24.65795,24.828949,24.77578,1.9070358,1.8634093,1.8886001,1.7659179,1.7604705,1.6109071,1.4151793,1.4011172,1.3877729,1.3868356,1.320881,1.3147262,1.3301195,1.2993406,1.2656163,1.2019777,1.2239861,1.2208823,1.0999721,1.0922515,1.0422395,1.070291,1.0612234,1.0528741,1,1
2026-05-11 08:50:00,0.0,2.0,63.25,-38.659786,39.24266,27.56411,27.57668,24.872728,24.069769,24.948343,25.051605,24.54432,25.103964,25.067305,24.81033,1.9131322,1.8621286,1.8791037,1.7578274,1.7547129,1.607907,1.4139926,1.4085929,1.3919804,1.3884797,1.3209248,1.3171278,1.3352878,1.3062407,1.2676942,1.1740811,1.227746,1.2209247,1.0999705,1.0921028,1.0304925,1.0709001,1.0618043,1.0528661,1,1
2026-05-11 09:00:00,0.0,2.0,63.25,-75.48623,39.19805,27.516916,27.521948,25.502975,25.529667,25.545406,25.544497,25.521656,25.275808,25.012268,25.057573,1.928564,1.8652375,1.8938414,1.7590029,1.7524617,1.5997175,1.4142288,1.400721,1.388481,1.3900697,1.3207537,1.3206214,1.3291187,1.3035656,1.2692962,1.2375326,1.2314101,1.2207507,1.0999687,1.089034,1.1304955,1.0774786,1.0622566,1.0528766,1,1
2026-05-11 09:10:00,0.0,4.0,63.25,-44.611183,39.27837,27.59333,27.601948,25.566257,25.692019,25.531199,25.191675,25.801111,25.208342,25.346935,25.338263,1.9051487,1.8710246,1.8630643,1.7744769,1.7602209,1.6233183,1.4149488,1.4099162,1.3973639,1.3896878,1.320804,1.3209524,1.3314271,1.3026608,1.2695585,1.2999685,1.2316369,1.2207941,1.0999659,1.0945818,1.1073707,1.06711,1.0618736,1.0528761,1,1
2026-05-11 09:20:00,0.0,2.0,63.25,-65.58529,39.612366,27.945807,27.979277,26.497763,25.227436,25.152033,25.466568,24.91367,25.578896,25.651073,25.445208,1.9527303,1.8626165,1.8861582,1.7584829,1.7470145,1.6019721,1.4131067,1.4025333,1.3890952,1.390315,1.3207974,1.3191094,1.3275722,1.3080251,1.2707229,1.1812531,1.2279981,1.2207848,1.0999645,1.091551,1.0496255,1.0721588,1.0613812,1.052846,1,1
2026-05-11 09:30:00,0.0,4.0,63.25,-41.389297,39.842064,28.170944,28.154083,25.545523,25.61354,25.730293,25.791119,25.663649,25.588305,25.352318,25.601154,1.9227118,1.887528,1.8484031,1.7818891,1.7553673,1.6091616,1.4114017,1.4127676,1.4088553,1.390874,1.32088,1.3196776,1.3236037,1.3085041,1.2691739,1.190699,1.2292781,1.2208835,1.0999651,1.0927361,1.0113312,1.0708581,1.0609275,1.0529057,1,1
2026-05-11 09:40:00,0.0,2.0,63.25,-79.5487,39.878918,28.208284,28.190916,25.78204,25.874786,25.657003,25.257746,25.960789,25.238098,25.36251,25.450603,1.9634236,1.876661,1.8561294,1.7730491,1.7444819,1.6143351,1.4093845,1.4112242,1.3995405,1.3893692,1.3209723,1.3251324,1.322141,1.3125373,1.2730235,1.3180968,1.2349136,1.2209717,1.0999657,1.0926402,1.1784848,1.0704231,1.061769,1.0528641,1,1
2026-05-11 09:50:00,0.0,4.0,63.25,-36.2328,39.882095,28.20705,28.179686,26.782253,25.581476,25.398405,25.742367,25.194466,25.883953,25.96412,25.63851,1.9506409,1.9075677,1.824911,1.8064704,1.7562472,1.6289274,1.4104805,1.4091773,1.4092463,1.3904473,1.3209234,1.3204099,1.3123856,1.307562,1.2733369,1.2529888,1.2321675,1.2209506,1.0999645,1.0952778,1.0639135,1.0618416,1.0630226,1.0528497,1,1
2026-05-11 10:00:00,0.0,4.0,63.25,-71.71974,39.93393,28.257374,28.265356,25.715803,25.777437,25.887762,25.976784,25.840944,25.985823,25.812153,25.874874,1.9937527,1.8797895,1.8332647,1.7781966,1.7339774,1.6214036,1.4026645,1.4159458,1.4038417,1.3867753,1.3207946,1.3174554,1.3167385,1.3193175,1.269171,1.1549892,1.2259232,1.2207955,1.0999656,1.0920111,1.0656575,1.0721076,1.0615878,1.0528553,1,1
2026-05-11 10:10:00,0.0,2.0,63.25,-35.99877,40.137203,28.456213,28.487236,25.462284,25.563452,25.736824,25.493687,25.624557,25.294863,25.33363,25.654139,1.9697386,1.904821,1.8078084,1.8163842,1.7527369,1.6410851,1.4064132,1.408551,1.4078212,1.3898257,1.3208265,1.3148947,1.2988573,1.3105606,1.265716,1.1810625,1.2245772,1.2208258,1.099965,1.0917443,1.0206434,1.0718062,1.0616968,1.0528642,1,1
2026-05-11 10:20:00,0.0,4.0,63.25,-68.66207,40.10645,28.429321,28.44116,25.355581,25.478037,24.61829,24.78723,24.938992,25.040228,25.22963,25.304535,2.0014796,1.8861333,1.8091238,1.7865239,1.7297008,1.6268672,1.3986652,1.4180208,1.4073282,1.3865242,1.3208748,1.318296,1.3103901,1.3204558,1.2685484,1.2368832,1.2311839,1.220875,1.0999626,1.0938126,1.0794196,1.0679401,1.0615376,1.0528572,1,1
2026-05-11 10:30:00,0.0,2.0,63.25,-30.24121,39.872185,28.1756,28.15151,25.246647,25.268023,25.331772,25.380655,25.293688,25.45466,25.402079,25.175589,1.9692364,1.9153658,1.8012618,1.8231287,1.7562037,1.640051,1.4076024,1.4079032,1.4117478,1.392116,1.3207685,1.3251898,1.2941998,1.3081741,1.2714374,1.3247187,1.2367563,1.2207634,1.0999651,1.0937494,1.155254,1.0674782,1.0620438,1.0528632,1,1
2026-05-11 10:40:00,0.0,4.0,63.25,-51.020233,39.53925,27.864506,27.882732,25.575382,25.720352,24.813856,24.941776,25.170269,25.143526,25.278536,25.138672,2.0050588,1.8796337,1.8282875,1.7736858,1.7266774,1.6176084,1.3974762,1.4187406,1.4050086,1.3860921,1.3209437,1.3214055,1.3160335,1.3224692,1.2706468,1.2255845,1.2303376,1.2209073,1.0999651,1.0913761,1.033227,1.0728555,1.0620567,1.0528647,1,1
2026-05-11 10:50:00,0.0,2.0,63.25,-41.27805,39.600597,27.922407,27.89255,23.765543,24.487406,25.437422,25.49521,25.175953,25.569092,25.53018,25.378561,1.9472222,1.9073026,1.8087924,1.8174489,1.7613423,1.6387118,1.4099836,1.4087864,1.4088138,1.3941247,1.320934,1.3176819,1.3005544,1.306868,1.2687234,1.1533507,1.2261746,1.2209285,1.0999646,1.0919771,1.0568526,1.0717897,1.0617259,1.0528684,1,1
2026-05-11 11:00:00,0.0,2.0,63.25,-37.79873,39.646065,27.973223,27.953903,25.426596,25.52518,25.68626,25.689465,25.594799,25.422146,25.236404,25.385937,1.9905994,1.8640085,1.8496224,1.7616656,1.7291378,1.617141,1.4017669,1.4173018,1.3996543,1.3874855,1.3207741,1.3176335,1.3239945,1.32021,1.2675427,1.2565211,1.2278118,1.2207725,1.0999627,1.089498,1.060056,1.0730968,1.0614574,1.0528508,1,1
2026-05-11 11:10:00,0.0,2.0,63.25,-34.36141,39.717445,28.037014,28.030022,25.639414,25.89021,24.982344,25.045929,25.43671,25.240747,25.403316,25.306952,1.9326922,1.9086025,1.8263814,1.8113745,1.7663513,1.6336133,1.4100024,1.4072562,1.406704,1.3901228,1.3207383,1.3175762,1.3088146,1.3022122,1.2700431,1.3441101,1.2286419,1.2207791,1.0999615,1.0944082,1.1861066,1.0666076,1.0620861,1.052858,1,1
2026-05-11 11:20:00,0.0,2.0,63.25,-48.022717,39.759052,28.08299,28.100761,24.578207,24.416668,25.399372,25.490887,25.03238,25.573402,25.556438,25.405777,1.965186,1.8550472,1.8769567,1.7528311,1.7392358,1.6125462,1.4051809,1.4126331,1.3927125,1.3887028,1.320866,1.3190924,1.3246467,1.3154562,1.2703842,1.2394067,1.2284292,1.2208383,1.0999609,1.0888888,1.0490322,1.0774877,1.0609852,1.0528631,1,1
2026-05-11 11:30:00,0.0,4.0,63.25,-32.180557,39.74741,28.078548,28.1049,25.41946,25.500042,25.661966,25.478014,25.55002,25.175497,25.110697,25.392708,1.8980858,1.8823873,1.8608462,1.7850733,1.7665892,1.6207831,1.4095854,1.4077275,1.399077,1.3892207,1.3208065,1.313979,1.318536,1.2996418,1.2647513,1.1536925,1.2235391,1.2208133,1.0999607,1.0915166,1.0690088,1.0716792,1.061855,1.0528641,1,1
2026-05-11 11:40:00,0.0,2.0,63.25,-44.199383,39.731636,28.075201,28.079473,25.347044,25.572495,24.756413,24.809458,25.202534,25.027088,25.228374,25.253948,1.9336013,1.8498155,1.9045099,1.7407049,1.7457697,1.5962557,1.4140037,1.4054946,1.3868246,1.3865769,1.320789,1.3190795,1.3362454,1.3070229,1.2681845,1.2150332,1.2298796,1.2207894,1.0999613,1.0912851,1.0048844,1.0714124,1.0614542,1.0528322,1,1
2026-05-11 11:50:00,0.0,2.0,63.25,-48.20521,39.716366,28.049368,28.04704,25.322613,25.37773,25.454292,25.440636,25.421064,25.43974,25.384842,25.183449,1.8884281,1.873285,1.8833379,1.7724864,1.7726477,1.6127399,1.4179981,1.4024647,1.3921286,1.3901225,1.3208125,1.3218025,1.3285074,1.2962577,1.2729673,1.3073258,1.2347554,1.2208384,1.0999633,1.0915443,1.1751742,1.0740019,1.0614395,1.0528543,1,1
2026-05-11 12:00:00,0.0,2.0,63.25,-31.446798,39.59136,27.909834,27.906881,25.506872,25.628979,25.35871,25.012405,25.709282,25.04137,25.185293,25.213018,1.9117332,1.8579688,1.8967533,1.7462435,1.7485442,1.5978864,1.4136564,1.4085478,1.3903666,1.3884449,1.3207698,1.3224282,1.3392378,1.304749,1.2720407,1.2954569,1.233133,1.2207698,1.0999678,1.0936882,1.1061443,1.0673032,1.06047,1.052853,1,1
2026-05-11 12:10:00,0.0,2.0,63.25,-65.805275,39.659534,27.986526,27.961418,26.188883,24.918997,24.915539,25.227123,24.655888,25.338224,25.408981,25.31183,1.9197912,1.8590138,1.8956516,1.758363,1.7600075,1.6051457,1.4161499,1.3986241,1.3859546,1.3884346,1.3209307,1.3196902,1.3281659,1.3016567,1.2699391,1.2090976,1.2269129,1.2209401,1.0999655,1.0918515,1.0346074,1.0729837,1.0617001,1.0528569,1,1
2026-05-11 12:20:00,0.0,2.0,63.25,-38.518913,39.688007,28.013048,28.019405,25.135386,25.195177,25.311932,25.387878,25.252623,25.232279,25.041273,25.304502,1.9158069,1.8672444,1.8730989,1.7616066,1.7500082,1.6114918,1.4103365,1.4094692,1.3958415,1.3862256,1.3208325,1.3172895,1.335911,1.304563,1.2682713,1.1495277,1.2263224,1.2208357,1.0999613,1.091637,1.0577146,1.0714815,1.0617633,1.0528702,1,1
2026-05-11 12:30:00,0.0,4.0,63.25,-74.56505,39.612164,27.93543,27.927744,25.27813,25.391144,25.260384,24.908371,25.498484,24.90228,25.025244,25.052412,1.9243381,1.8627598,1.874677,1.7680126,1.7572242,1.6192616,1.4145143,1.404927,1.3906792,1.3895127,1.3208146,1.3209243,1.3279854,1.3040795,1.2677091,1.2376149,1.2312946,1.2208152,1.0999609,1.0940877,1.030604,1.0671519,1.0609878,1.0528485,1,1
2026-05-11 12:40:00,0.0,4.0,63.25,-39.889454,39.515457,27.83762,27.83083,25.374249,25.428724,25.502415,25.577217,25.475975,25.545542,25.320326,25.259718,1.9379346,1.8628421,1.8587518,1.774626,1.7515095,1.6241459,1.4119817,1.4055724,1.3983736,1.3880996,1.3207974,1.3200362,1.3246247,1.3059015,1.2731837,1.3474548,1.2348195,1.2208097,1.0999613,1.096036,1.1926652,1.0657789,1.0615727,1.0528685,1,1
2026-05-11 12:50:00,0.0,4.0,63.25,-78.62121,39.539337,27.877296,27.911638,25.491194,25.561724,25.681911,25.39634,25.624426,25.162687,25.178822,25.312113,1.9640524,1.8798773,1.8465818,1.7785246,1.7419797,1.621092,1.4069388,1.411618,1.3974168,1.3874848,1.3208854,1.3206805,1.3241065,1.3111017,1.2735947,1.2397541,1.2303015,1.2208406,1.0999632,1.0884035,1.0489289,1.0739877,1.0621538,1.0528512,1,1
2026-05-11 13:00:00,0.0,2.0,63.25,-48.674072,39.6654,28.004164,28.007874,25.046762,25.422781,25.491127,25.557894,25.465807,25.596525,25.451767,25.411148,1.9598498,1.8984144,1.8221654,1.8041843,1.7561047,1.6326208,1.4113007,1.4080307,1.4060291,1.3912263,1.3208368,1.3157214,1.3095264,1.3064554,1.2671846,1.1468799,1.2242354,1.2208381,1.0999635,1.091782,1.0722979,1.071509,1.0615592,1.0528593,1,1
2026-05-11 13:10:00,0.0,2.0,63.25,-74.38672,39.76533,28.10036,28.125635,25.497059,25.564384,25.718163,25.566578,25.606936,25.274204,25.203667,25.36621,1.9956132,1.8822322,1.8221626,1.7829735,1.7302957,1.6270926,1.3991777,1.4184079,1.4059045,1.3857739,1.3208894,1.318401,1.3168551,1.3177217,1.2683887,1.2212436,1.228187,1.2208904,1.0999638,1.0906712,1.0005655,1.0714585,1.0615073,1.0528457,1,1
2026-05-11 13:20:00,0.0,2.0,63.25,-47.31186,39.721786,28.057425,28.072275,25.454878,25.70869,24.896574,24.903084,25.37288,25.095942,25.286314,25.338165,1.9757426,1.912183,1.7966422,1.8210866,1.7533648,1.6439915,1.4110253,1.4078593,1.4078633,1.3908899,1.3207802,1.3209506,1.2954545,1.308277,1.267143,1.3268819,1.2331932,1.2207766,1.0999618,1.0906111,1.156104,1.076105,1.0617867,1.0528651,1,1
2026-05-11 13:30:00,0.0,2.0,63.25,-49.73268,39.764587,28.099726,28.109459,25.429676,25.476332,25.569658,25.615171,25.509426,25.40353,25.186695,25.407396,2.0241222,1.8935534,1.8120501,1.7826606,1.7237157,1.6216153,1.3927945,1.4236519,1.4130071,1.3849065,1.3209307,1.3238014,1.3104746,1.3255264,1.2741863,1.2845554,1.2349688,1.2209208,1.099958,1.0903876,1.0832125,1.0753628,1.0616215,1.0528502,1,1
2026-05-11 13:40:00,0.0,2.0,63.25,-63.302387,39.67198,28.001968,28.006437,25.576399,25.688122,25.476137,25.127226,25.781603,25.14521,25.274601,25.293846,1.9750416,1.916206,1.7836528,1.8278171,1.7527697,1.6484194,1.4091712,1.411249,1.4146417,1.3951066,1.3207612,1.3179083,1.2919192,1.3119991,1.2691985,1.1659,1.2266756,1.2207568,1.0999573,1.0915554,1.0633087,1.0709186,1.0615406,1.0528175,1,1
2026-05-11 13:50:00,0.0,2.0,63.25,-12.13674,39.699047,28.032104,28.023321,26.520872,25.218754,25.204586,25.50563,24.945858,25.598774,25.683704,25.440105,1.9968454,1.8898047,1.8120707,1.7899169,1.734118,1.6289982,1.401384,1.4179579,1.4091268,1.3886331,1.3207488,1.3167733,1.3092062,1.3196876,1.2669754,1.2173759,1.226172,1.2207488,1.0999594,1.091326,1.0081521,1.0716393,1.0614611,1.0528331,1,1
2026-05-11 14:00:00,0.0,2.0,63.25,-73.399734,39.790752,28.12458,28.116276,25.506052,25.568918,25.661097,25.751743,25.626116,25.730774,25.533634,25.599798,1.9775233,1.891761,1.8119258,1.796437,1.744363,1.6336216,1.4065169,1.4128305,1.4064686,1.3925297,1.3208063,1.3171725,1.3055023,1.3149418,1.2679992,1.3168927,1.2287445,1.2208158,1.0999619,1.0935142,1.1738484,1.069045,1.0614084,1.0528524,1,1
2026-05-11 14:10:00,0.0,4.0,63.25,-12.070024,39.87377,28.195219,28.174883,25.466568,25.574114,25.730892,25.41961,25.623762,25.170725,25.186687,25.437757,1.9717641,1.8915058,1.8240508,1.7905171,1.7386497,1.6191097,1.4060844,1.4125415,1.4058174,1.3909409,1.3208956,1.3168092,1.3109711,1.3129476,1.2701411,1.3067383,1.2274865,1.2208973,1.0999634,1.0896704,1.1135166,1.075159,1.0624686,1.0528417,1,1
2026-05-11 14:20:00,0.0,2.0,63.25,-73.12687,39.87531,28.1996,28.208677,22.983362,24.613516,25.433718,25.484722,25.256872,25.55654,25.494387,25.390337,1.9516861,1.8841902,1.835704,1.7873636,1.7499869,1.6240243,1.4065858,1.4097682,1.4014007,1.3906696,1.3207668,1.3161504,1.3118478,1.3115209,1.2661127,1.1754314,1.2249612,1.220766,1.0999658,1.0924785,1.0578195,1.0713224,1.0618503,1.0528411,1,1
2026-05-11 14:30:00,0.0,2.0,63.25,-13.683987,39.819607,28.138214,28.101501,25.650034,25.734858,25.90597,25.87769,25.811888,25.576092,25.3986,25.403652,1.9455286,1.8798312,1.8439865,1.778038,1.7449238,1.6185253,1.4107825,1.4117446,1.4009581,1.3919812,1.3208284,1.3177376,1.3199971,1.3112264,1.267064,1.2039661,1.2286557,1.2208309,1.0999666,1.0920306,1.0070575,1.0710148,1.0613317,1.0528251,1,1
2026-05-11 14:40:00,0.0,2.0,63.25,-71.9942,39.708675,28.027203,28.052298,25.651648,25.91043,25.242685,25.097878,25.74037,25.244703,25.435959,25.526464,1.944064,1.8686643,1.8709577,1.7681803,1.7519183,1.6114476,1.411048,1.4041896,1.3917214,1.389335,1.3206348,1.323599,1.3233685,1.3063318,1.2732896,1.3433955,1.2350204,1.2206709,1.0999651,1.093281,1.1676826,1.0680304,1.0601871,1.0528442,1,1
2026-05-11 14:50:00,0.0,2.0,63.25,-24.823708,39.932503,28.269518,28.299154,26.09106,24.713005,25.346315,25.555185,24.920296,25.645237,25.683575,25.498945,1.9159194,1.8704603,1.8729004,1.7652502,1.7532786,1.609464,1.4137887,1.4099088,1.3967079,1.3911543,1.3208296,1.3226734,1.331535,1.3042992,1.2754148,1.2921534,1.2340468,1.2208,1.0999593,1.0900002,1.0928603,1.0737237,1.0609893,1.0528557,1,1
2026-05-11 15:00:00,0.0,4.0,63.25,-74.78496,39.866943,28.205082,28.22785,25.529894,25.565851,25.642006,25.727152,25.608265,25.61035,25.387167,25.525501,1.9210693,1.8633538,1.8906302,1.7614772,1.7587025,1.6070465,1.4163803,1.4011854,1.3884032,1.3887565,1.3209051,1.3201246,1.3303677,1.3024787,1.2712348,1.1744882,1.228232,1.2209057,1.0999608,1.0915824,1.0543935,1.0721313,1.0613842,1.0528585,1,1
2026-05-11 15:10:00,0.0,2.0,63.25,-36.276173,39.849316,28.174152,28.165907,25.629566,25.762669,25.751106,25.342138,25.894676,25.247269,25.340786,25.427608,1.9079653,1.8648593,1.8834596,1.7576395,1.7541224,1.6066617,1.4137856,1.4086155,1.39358,1.3896259,1.320796,1.319729,1.3401265,1.3036275,1.2693112,1.1957613,1.2300764,1.2207952,1.099964,1.0920439,1.013445,1.0721698,1.061943,1.0528588,1,1
2026-05-11 15:20:00,0.0,4.0,63.25,-69.43656,39.84719,28.16464,28.158728,26.182692,25.71056,25.109138,25.343447,25.106136,25.589104,25.692778,25.507887,1.930074,1.8594203,1.9030094,1.7536919,1.7530905,1.5970223,1.4170076,1.3982704,1.3845506,1.3886192,1.3207076,1.3216217,1.330904,1.304336,1.2718958,1.2974993,1.233932,1.2207063,1.0999682,1.0933045,1.1524346,1.069761,1.061833,1.0528314,1,1
2026-05-11 15:30:00,0.0,2.0,63.25,-55.053272,39.89384,28.219421,28.25361,25.353212,25.456877,25.540333,25.618202,25.496595,25.67705,25.56767,25.627588,1.8962287,1.8814801,1.859607,1.7728605,1.7602701,1.6126099,1.4100865,1.4103105,1.3978276,1.3872048,1.3208144,1.323839,1.3328336,1.3025826,1.2733564,1.3093009,1.2337879,1.2208503,1.0999678,1.0893552,1.1243675,1.0730169,1.062859,1.0528238,1,1
2026-05-11 15:40:00,0.0,4.0,63.25,-58.726917,39.927547,28.265024,28.276186,25.415194,25.477207,25.632887,25.463112,25.522243,25.186474,25.144098,25.405079,1.9525845,1.860951,1.892965,1.7562897,1.7482762,1.6007681,1.4146061,1.3979204,1.3851372,1.3902189,1.320962,1.318336,1.3256578,1.3082616,1.2693897,1.201423,1.227041,1.2209703,1.0999621,1.0927848,1.0409542,1.0705528,1.0614033,1.0528514,1,1
2026-05-11 15:50:00,0.0,2.0,63.25,-62.899338,39.82959,28.163805,28.153227,25.531906,25.770687,24.921028,24.945814,25.394922,25.141546,25.326048,25.272686,1.9093509,1.88262,1.8395188,1.7828317,1.7561479,1.6228346,1.4122317,1.4129183,1.4023771,1.3872486,1.3207377,1.3181837,1.3262212,1.3072199,1.2688724,1.1670241,1.2264143,1.2207328,1.0999597,1.0909555,1.0356171,1.071125,1.0616051,1.0528573,1,1
2026-05-11 16:00:00,0.0,2.0,63.25,-60.364662,39.73422,28.05513,28.033705,25.143263,24.511812,25.452427,25.544836,25.043991,25.60831,25.604168,25.400661,1.9705222,1.8597264,1.8763409,1.7587308,1.7397339,1.6117541,1.4092046,1.4057909,1.3892765,1.3909203,1.3207318,1.3200065,1.3219438,1.3143548,1.2701013,1.2380822,1.2314283,1.2207298,1.0999616,1.0920079,1.117023,1.0701112,1.0623602,1.0528405,1,1
2026-05-11 16:10:00,0.0,2.0,63.25,-53.625725,39.69204,28.01912,28.039593,25.706017,25.738934,25.819109,25.86509,25.767357,25.651075,25.418556,25.488361,1.928374,1.9015619,1.8172916,1.8053463,1.7592634,1.6306063,1.411544,1.4105549,1.4080659,1.392194,1.3208593,1.3228182,1.3130474,1.306036,1.2746903,1.3090717,1.2345326,1.2208456,1.0999635,1.0939149,1.1202683,1.0677369,1.0617038,1.052841,1,1
2026-05-11 16:20:00,0.0,4.0,63.25,-53.709126,39.76865,28.099117,28.115297,25.691885,25.844004,25.687813,25.341879,25.964834,25.35731,25.493645,25.572016,1.9955882,1.8708092,1.8488002,1.7688528,1.7334951,1.6169485,1.4014924,1.4113573,1.3974696,1.3871846,1.3208659,1.3188463,1.3180697,1.3181285,1.2703412,1.1935642,1.2272719,1.2208741,1.0999619,1.0910943,1.0463868,1.0721866,1.0618151,1.052854,1,1
2026-05-11 16:30:00,0.0,2.0,63.25,-50.649754,39.955044,28.288578,28.283087,26.430996,25.138622,25.159775,25.489086,24.88588,25.616783,25.6928,25.551928,1.9489112,1.9098907,1.7992455,1.8190764,1.7562623,1.6442587,1.4129394,1.4123881,1.4129468,1.3952559,1.3207105,1.317568,1.3025535,1.309766,1.2685707,1.1968374,1.2267437,1.2207077,1.099964,1.0916775,1.017567,1.0719957,1.061474,1.05285,1,1
2026-05-11 16:40:00,0.0,2.0,63.25,-55.51133,39.993553,28.32746,28.314432,25.647831,25.696047,25.74928,25.818964,25.735254,25.778223,25.565678,25.5774,2.0156,1.8811674,1.829683,1.7730476,1.7268649,1.6187261,1.3983024,1.4212484,1.4077296,1.3861511,1.3208232,1.3159475,1.315268,1.325074,1.2676157,1.3135644,1.2283164,1.2208076,1.0999615,1.0954577,1.1799872,1.0701653,1.0615907,1.0528512,1,1
2026-05-11 16:50:00,0.0,4.0,63.25,-36.934288,39.880623,28.22108,28.223091,25.881454,25.925484,25.999172,25.658403,25.97433,25.403343,25.416752,25.565935,1.9608068,1.9074135,1.7972469,1.8270139,1.7596134,1.6514424,1.4104918,1.4085147,1.4096828,1.3937547,1.3208942,1.3161604,1.2952694,1.3058239,1.2672801,1.2989662,1.2267523,1.2209278,1.099958,1.090521,1.1075109,1.0735232,1.0615003,1.05285,1,1
2026-05-11 17:00:00,0.0,2.0,63.25,-39.365986,39.926094,28.270128,28.290781,25.750032,25.909092,25.101202,25.295322,25.380568,25.55632,25.737463,25.674683,2.0041127,1.871456,1.8347524,1.7672435,1.7270325,1.6190623,1.3987683,1.4208272,1.4032263,1.3857446,1.3208158,1.3143564,1.3175071,1.3216784,1.2649947,1.1951207,1.2239668,1.2208118,1.0999576,1.091517,1.0442852,1.071531,1.0615495,1.0528333,1,1
2026-05-11 17:10:00,0.0,2.0,63.25,-54.66149,40.032806,28.375359,28.402245,23.39382,24.56586,25.448912,25.487858,25.244268,25.549957,25.500414,25.510677,1.9472934,1.9047755,1.811996,1.8119997,1.7578219,1.6329522,1.410445,1.4083979,1.4071631,1.39486,1.3207122,1.3185467,1.3006678,1.3059263,1.2674873,1.1756449,1.2290254,1.2207159,1.0999604,1.0920647,1.0324521,1.0721222,1.0616431,1.0528442,1,1
2026-05-11 17:20:00,0.0,2.0,63.25,-21.078943,39.983185,28.312227,28.283396,25.461237,25.509165,25.618855,25.572737,25.541317,25.285477,25.119429,25.361923,1.9906886,1.8592106,1.8442241,1.7641274,1.7326705,1.6246572,1.405031,1.41712,1.3996103,1.389944,1.3207922,1.3224566,1.3215332,1.317595,1.2601724,1.3236564,1.2342476,1.2207845,1.0999612,1.0881057,1.1466794,1.0775723,1.0607165,1.0528505,1,1
2026-05-11 17:30:00,0.0,2.0,63.25,-55.18716,39.732082,28.058321,28.04639,25.793388,26.034918,25.394491,25.146423,25.899786,25.246628,25.394035,25.311047,1.9387858,1.9002829,1.828427,1.808648,1.7604045,1.6327279,1.4096348,1.4057127,1.4038757,1.3946074,1.3207874,1.3218688,1.3017627,1.3048911,1.2742586,1.2956249,1.2335751,1.2207916,1.0999626,1.0906591,1.1013476,1.0739841,1.0623465,1.052847,1,1
2026-05-11 17:40:00,0.0,2.0,63.25,-14.553091,39.70176,28.027828,28.049608,26.284643,24.837708,25.354868,25.613169,24.947376,25.703644,25.78845,25.606348,1.9617163,1.8682318,1.85773,1.7593602,1.7381029,1.6092194,1.4085673,1.4154787,1.3964328,1.3888291,1.3208649,1.3191868,1.323873,1.3145227,1.2715806,1.1988994,1.2280711,1.2208488,1.0999608,1.0887648,1.0372119,1.074746,1.0620553,1.0528407,1,1
2026-05-11 17:50:00,0.0,4.0,63.25,-67.70411,39.866573,28.201067,28.208952,25.424536,25.513876,25.649324,25.746681,25.596235,25.669275,25.464193,25.61372,1.9361037,1.8803997,1.8569989,1.7818115,1.7550043,1.6160324,1.4100091,1.4027476,1.3958651,1.3917592,1.320866,1.3185148,1.3151149,1.3045139,1.2693721,1.1681409,1.2279764,1.2208661,1.0999607,1.0916266,1.0352637,1.0718484,1.0615796,1.0528398,1,1
2026-05-11 18:00:00,0.0,2.0,63.25,-15.5385065,39.91864,28.24025,28.262135,25.572302,25.80277,24.923794,24.98613,25.375235,25.190475,25.370564,25.31068,1.9311876,1.8719062,1.8533064,1.7722564,1.7499707,1.6200719,1.4105489,1.4126054,1.3992603,1.3908345,1.3207545,1.3226786,1.3267735,1.3084793,1.266487,1.2605895,1.233241,1.2207519,1.0999616,1.0921822,1.095422,1.0709896,1.0618902,1.0528212,1,1
2026-05-11 18:10:00,0.0,4.0,63.25,-71.17145,39.848175,28.165834,28.161695,24.718782,24.391468,25.370752,25.476233,24.983143,25.567158,25.580719,25.429008,1.9335665,1.8753476,1.8682618,1.7756552,1.7559319,1.6167166,1.4121364,1.4009566,1.3906932,1.3897027,1.3207487,1.3232245,1.3206466,1.3038098,1.2741094,1.3356779,1.2345388,1.220741,1.0999599,1.0933576,1.1740481,1.0666924,1.061716,1.0528297,1,1
2026-05-11 18:20:00,0.0,2.0,63.25,-24.057016,39.717632,28.046976,28.06858,25.268288,25.32762,25.44918,25.50474,25.386297,25.32133,25.155418,25.381691,1.934663,1.8662899,1.8753787,1.7565167,1.7470443,1.6000135,1.4082874,1.4082365,1.392808,1.3874234,1.3207752,1.32213,1.3291721,1.3089118,1.2691214,1.2399695,1.2302582,1.220812,1.0999604,1.0961671,1.0545996,1.064608,1.0612445,1.0528433,1,1
2026-05-11 18:30:00,0.0,2.0,63.25,-71.80454,39.7386,28.068415,28.05838,25.75064,25.535172,24.816664,25.034187,24.914366,25.2757,25.387987,25.17875,1.9168317,1.8718084,1.8708946,1.7717105,1.7590533,1.6122724,1.4153824,1.4038817,1.392996,1.3889025,1.3208053,1.3172585,1.3255537,1.3029633,1.2684627,1.1491435,1.2259113,1.2208062,1.0999628,1.0917587,1.0710156,1.0711483,1.0615579,1.0528439,1,1
2026-05-11 18:40:00,0.0,2.0,63.25,-38.42151,39.644276,27.962933,27.98171,23.41167,25.32408,25.487806,25.540192,25.46003,25.594337,25.490726,25.384953,1.9230961,1.8681333,1.8731998,1.766695,1.7514188,1.6118267,1.41245,1.4052886,1.392364,1.3878146,1.3207206,1.3177043,1.3330302,1.3050483,1.267596,1.2203531,1.2278696,1.2207181,1.0999645,1.0912359,0.9986259,1.0713584,1.0616336,1.052836,1,1
2026-05-11 18:50:00,0.0,4.0,63.25,-73.1008,39.6617,27.991142,28.017502,25.327711,25.396254,25.547194,25.431986,25.44023,25.154491,25.079226,25.346828,1.9317389,1.867748,1.8748024,1.7657614,1.7557421,1.608564,1.4136212,1.4041339,1.3925375,1.3868021,1.3208483,1.3231169,1.3309716,1.306312,1.2669224,1.309842,1.2348102,1.2208457,1.0999638,1.0909327,1.1744661,1.0726931,1.0609674,1.0528452,1,1
2026-05-11 19:00:00,0.0,4.0,63.25,-51.056366,39.73115,28.066442,28.046497,25.770418,25.64003,24.802395,24.999943,24.98613,25.239704,25.368233,25.18981,1.927393,1.8843943,1.8586282,1.7812849,1.7570667,1.6239604,1.4106063,1.4051186,1.3899052,1.3893005,1.320768,1.3258578,1.3257774,1.3059977,1.2645544,1.2667375,1.233799,1.2207944,1.0999614,1.0938946,1.0718383,1.0696973,1.0623276,1.0528284,1,1
2026-05-11 19:10:00,0.0,4.0,63.25,-79.311455,39.6609,27.985975,27.951725,25.412695,25.43949,25.491724,25.540611,25.466427,25.59641,25.499567,25.425924,1.9481382,1.8736047,1.8599794,1.7717074,1.7488492,1.6163349,1.4087142,1.4100842,1.397903,1.3881152,1.3209023,1.3202999,1.3266788,1.3109776,1.271475,1.1615139,1.2284728,1.2209027,1.09996,1.0916708,1.0663351,1.0711778,1.061482,1.0528312,1,1
2026-05-11 19:20:00,0.0,2.0,63.25,-48.952305,39.675896,27.99918,27.982813,25.769577,25.840965,25.9147,25.538965,25.91312,25.2984,25.323767,25.349754,1.936271,1.8869209,1.8417311,1.7924261,1.7552778,1.6276132,1.4114804,1.4073828,1.403423,1.390525,1.3207307,1.3159684,1.3190777,1.3067863,1.267002,1.2215264,1.2262813,1.2207255,1.099961,1.0911733,1.0089346,1.0715024,1.0615102,1.0528312,1,1
2026-05-11 19:30:00,0.0,2.0,63.25,-71.85239,39.742573,28.07104,28.062727,22.31349,24.991755,25.566265,25.618267,25.52013,25.678543,25.736887,25.57638,1.9773725,1.8746127,1.8561126,1.7688363,1.7393824,1.6100187,1.4053612,1.4109182,1.3984646,1.388858,1.3208486,1.3171833,1.321926,1.3156015,1.274752,1.3394573,1.2292886,1.2207623,1.099959,1.0899785,1.1974924,1.0738529,1.0623162,1.0528483,1,1
2026-05-11 19:40:00,0.0,4.0,63.25,-49.516674,39.921227,28.25531,28.251675,25.629246,25.708858,25.867046,25.805359,25.76927,25.516962,25.391455,25.531813,1.9419749,1.8944712,1.817527,1.8030285,1.7541932,1.6394792,1.410081,1.4100221,1.4069715,1.3905165,1.3208328,1.316563,1.3088099,1.307383,1.2697042,1.2612458,1.2268513,1.2207931,1.09996,1.088646,1.0694046,1.0742794,1.0614432,1.0528334,1,1
2026-05-11 19:50:00,0.0,2.0,63.25,-68.09455,39.95302,28.280489,28.247452,25.309246,25.620106,24.988594,24.897984,25.45577,25.065626,25.266794,25.467949,1.9819262,1.8753984,1.8382115,1.7756658,1.733556,1.6190919,1.4023865,1.4127569,1.402176,1.3873467,1.320888,1.3137612,1.3155055,1.3156265,1.2643436,1.1910334,1.2233003,1.220905,1.099963,1.0902904,1.0467392,1.0714746,1.0615265,1.0528326,1,1
2026-05-11 20:00:00,0.0,4.0,63.25,-33.11913,39.953297,28.288181,28.258467,25.035856,25.065,25.127373,25.191809,25.088207,25.033825,24.82587,25.226236,1.9644861,1.8971992,1.8190383,1.802857,1.7537141,1.6326815,1.4066123,1.4081571,1.4048766,1.3887953,1.3208727,1.3175149,1.3060204,1.3089678,1.2676958,1.1625255,1.2269458,1.2208681,1.0999615,1.0913835,1.042457,1.071337,1.0617139,1.0528361,1,1
2026-05-11 20:10:00,0.0,2.0,63.25,-67.98872,39.67989,27.996714,27.969044,25.38679,25.455618,25.336193,24.937344,25.546972,24.881054,24.98248,24.917389,1.9907272,1.8849721,1.8267577,1.7822548,1.730768,1.6197006,1.402019,1.4147592,1.4050857,1.387857,1.3207301,1.3189269,1.3125839,1.3183035,1.2682728,1.2390808,1.2304971,1.2207261,1.0999618,1.0934945,1.0852965,1.0683461,1.0618505,1.0528194,1,1
2026-05-11 20:20:00,0.0,2.0,63.25,-26.141607,39.34318,27.666586,27.664373,23.337568,24.449959,25.398943,25.459768,25.155588,25.52614,25.4627,25.28758,1.9537011,1.9083974,1.815279,1.8086487,1.7562368,1.6286032,1.4058628,1.4100864,1.4102182,1.3912563,1.3208107,1.3195139,1.2974746,1.3070376,1.2741674,1.3310964,1.2313412,1.2208467,1.0999604,1.0927653,1.1698383,1.0682036,1.0626376,1.0528244,1,1
2026-05-11 20:30:00,0.0,4.0,63.25,-48.56675,39.522457,27.867485,27.896494,25.09307,25.170767,25.32759,25.099506,25.215025,24.86553,24.875116,25.252516,1.9861006,1.876365,1.83608,1.7692311,1.7280034,1.6127872,1.4008942,1.414875,1.4011521,1.3864707,1.3208405,1.318289,1.314128,1.3176098,1.2695911,1.2399695,1.2283016,1.2208296,1.0999596,1.0935713,1.0468949,1.066626,1.0619594,1.0528247,1,1
2026-05-11 20:40:00,0.0,4.0,63.25,-33.477177,39.635178,27.971464,27.95069,25.412752,24.770687,24.342392,24.593538,24.269999,24.835135,24.94471,24.917007,1.9453548,1.8980758,1.8216764,1.8068563,1.7600034,1.6324948,1.4059356,1.4047685,1.4030343,1.39097,1.320728,1.3181435,1.3016716,1.3018054,1.2692207,1.1741763,1.2263634,1.2207403,1.0999606,1.0917801,1.0552137,1.0712605,1.0616703,1.0528414,1,1
2026-05-11 20:50:00,0.0,2.0,63.25,-36.998676,39.436665,27.761978,27.765837,24.679062,24.69384,24.725698,24.777985,24.71573,24.783314,24.638775,24.75106,1.9787399,1.8646829,1.8466139,1.7601917,1.7294658,1.6101235,1.4002334,1.4159038,1.3969961,1.3829519,1.320739,1.315957,1.3203057,1.315584,1.2663746,1.1510873,1.2251544,1.2207438,1.0999621,1.0912274,1.0546448,1.0712557,1.0611486,1.0528752,1,1
2026-05-11 21:00:00,0.0,2.0,63.25,-43.64606,39.192608,27.506472,27.478727,24.759758,24.811794,24.922907,24.699768,24.848253,24.436213,24.410864,24.596573,1.9319116,1.8859413,1.8382843,1.7962824,1.7605839,1.6258911,1.4074683,1.403697,1.3970028,1.3909029,1.3207347,1.3179688,1.3046811,1.3003209,1.2675267,1.2307148,1.2281185,1.2207357,1.0999657,1.0944666,1.0183241,1.0671003,1.0615784,1.0528357,1,1
2026-05-11 21:10:00,0.0,2.0,63.25,-24.306145,38.98826,27.311577,27.326614,24.941923,25.176598,24.319284,24.39187,24.73414,24.583858,24.74706,24.6053,1.9568794,1.8690103,1.859053,1.7557676,1.7371165,1.5989478,1.4048635,1.4119502,1.3962572,1.3835711,1.3207467,1.3177903,1.3244287,1.3113189,1.2819378,1.3189287,1.2314454,1.2207298,1.0999653,1.090584,1.1678388,1.072285,1.0615306,1.0528331,1,1
2026-05-11 21:20:00,0.0,2.0,63.25,-65.358116,39.010704,27.341032,27.34957,23.944965,23.774107,24.755293,24.860193,24.385328,24.94604,24.925335,24.76734,1.9309345,1.8732027,1.857663,1.7771277,1.7523011,1.6156712,1.4082397,1.4013506,1.3910397,1.3883337,1.3207977,1.3209766,1.3145753,1.3002701,1.2677343,1.3186268,1.2291527,1.2208003,1.0999649,1.0929604,1.1424665,1.0711541,1.0617338,1.0528406,1,1
2026-05-11 21:30:00,0.0,2.0,63.25,-29.900078,39.084114,27.417576,27.430246,24.518412,24.595196,24.722298,24.743513,24.642982,24.536743,24.38613,24.67857,1.9183364,1.8627559,1.8626114,1.760275,1.7459399,1.6109803,1.4067818,1.4070942,1.3925775,1.3835573,1.3208035,1.3175709,1.3249029,1.3038759,1.2697536,1.238339,1.2269297,1.220824,1.0999632,1.0888686,1.048067,1.0776155,1.0617086,1.0528212,1,1
2026-05-11 21:40:00,0.0,2.0,63.25,-67.76372,39.07133,27.405796,27.405771,24.552431,24.787876,24.01105,24.04499,24.430891,24.22527,24.387817,24.393229,1.9210302,1.8671116,1.8725017,1.7662504,1.7520682,1.6081685,1.4120165,1.3999878,1.3889765,1.3865187,1.3208238,1.3148818,1.3229747,1.298444,1.2662227,1.176054,1.2231398,1.2208029,1.0999615,1.0911552,1.0543773,1.0712501,1.0615765,1.0528202,1,1
2026-05-11 21:50:00,0.0,2.0,63.25,-40.455727,38.903435,27.22653,27.206541,24.178564,23.507132,24.39683,24.489513,24.01088,24.541384,24.518667,24.414448,1.9180492,1.8593796,1.8748707,1.7540567,1.748188,1.6026037,1.4090296,1.4028746,1.3880651,1.3839169,1.320712,1.3152152,1.3301201,1.3008267,1.2657973,1.1565489,1.2234852,1.2207085,1.0999646,1.0916159,1.0483409,1.0715343,1.061591,1.0528264,1,1
2026-05-11 22:00:00,0.0,4.0,63.25,-70.61155,38.786945,27.09766,27.05533,24.488583,24.50937,24.549658,24.578491,24.513174,24.390913,24.217611,24.388445,1.9203806,1.8595033,1.886855,1.759262,1.7548599,1.605567,1.4111043,1.398917,1.3852395,1.3834951,1.3208066,1.317965,1.3275186,1.298488,1.2675337,1.233421,1.2287993,1.220803,1.0999677,1.0917802,1.0107048,1.0712663,1.0615523,1.0528351,1,1
2026-05-11 22:10:00,0.0,4.0,63.25,-55.233498,38.734535,27.047655,27.050247,21.289154,24.329905,24.613808,24.648476,24.5795,24.674107,24.701872,24.343384,1.9067938,1.8780683,1.857802,1.7664801,1.7498276,1.6042663,1.4093912,1.4074428,1.3962839,1.384753,1.3207774,1.3192236,1.331395,1.2996914,1.2667338,1.3165785,1.2311141,1.2207758,1.0999668,1.0894848,1.1422297,1.0756463,1.0606331,1.0528134,1,1
2026-05-11 22:20:00,0.0,4.0,63.25,-56.053127,38.75441,27.07477,27.097519,24.536808,24.613867,24.755589,24.615429,24.661894,24.339176,24.266485,24.490942,1.939618,1.858994,1.88147,1.7587293,1.7514036,1.6025712,1.4103967,1.3933421,1.3796835,1.387151,1.3207037,1.321398,1.3188511,1.2998321,1.2735581,1.3300205,1.2332151,1.2207371,1.0999655,1.0887866,1.1632913,1.0784773,1.0616425,1.0528365,1,1
2026-05-11 22:30:00,0.0,4.0,63.25,-77.8347,38.878654,27.1979,27.203873,24.739237,24.675106,23.889711,24.086533,24.080486,24.324368,24.47204,24.389557,1.9246688,1.8758767,1.8527602,1.7691405,1.7449882,1.610372,1.4094973,1.4114283,1.3984222,1.3846837,1.3208063,1.3217382,1.3286475,1.3045793,1.2726299,1.2507111,1.2312069,1.22083,1.0999635,1.0934021,1.0595739,1.0696759,1.0620939,1.0528209,1,1
2026-05-11 22:40:00,0.0,2.0,63.25,-57.771667,38.83235,27.156532,27.166935,21.614119,24.159555,24.74557,24.78747,24.702887,24.826118,24.715557,24.49651,1.9376816,1.8800083,1.856088,1.7814614,1.7579001,1.6201533,1.4062016,1.403803,1.3956758,1.3871064,1.3207573,1.3172288,1.3169383,1.3021189,1.2690074,1.1898111,1.2259486,1.2207505,1.099963,1.0912379,1.0448952,1.072222,1.0611842,1.0528098,1,1
2026-05-11 22:50:00,0.0,2.0,63.25,-70.687416,38.767902,27.098263,27.124496,24.845331,24.883722,24.99065,24.89678,24.901747,24.62246,24.51902,24.645594,1.9553158,1.877023,1.848077,1.7746124,1.7420529,1.6185739,1.4067087,1.4094839,1.3998687,1.385205,1.3207816,1.31488,1.320432,1.3084639,1.2658514,1.1480947,1.224369,1.2207668,1.0999635,1.0918286,1.0577668,1.0719941,1.0615704,1.0528232,1,1
2026-05-11 23:00:00,0.0,2.0,63.25,-51.214355,38.949596,27.285612,27.291914,24.798487,25.076529,24.454584,24.378073,24.894253,24.533234,24.708685,24.693817,1.9521716,1.8813707,1.8438803,1.7833126,1.7513903,1.6230123,1.404146,1.4043931,1.3977169,1.3859608,1.3208021,1.3161443,1.3125709,1.3063985,1.2666938,1.2018182,1.2247456,1.2208046,1.0999621,1.0905958,1.0112594,1.0717217,1.0616627,1.0528389,1,1
2026-05-11 23:10:00,0.0,2.0,63.25,-78.30891,39.09776,27.433002,27.418627,25.102823,23.881441,24.61177,24.780334,24.195065,24.855381,24.864025,24.662056,1.9652587,1.8869988,1.8298658,1.7813118,1.7377447,1.6141778,1.4033636,1.4108437,1.4029523,1.3847637,1.3207643,1.3172497,1.3163408,1.3103449,1.2651368,1.2463236,1.2273818,1.2207637,1.0999612,1.0928863,1.0857146,1.0717117,1.0617752,1.0528315,1,1
2026-05-11 23:20:00,0.0,2.0,63.25,-39.628464,39.095974,27.42132,27.409075,24.724422,24.768713,24.852825,24.9319,24.804243,24.795078,24.588806,24.71985,1.9637032,1.904709,1.8182974,1.8046522,1.7511582,1.6279254,1.4050267,1.4053768,1.4052203,1.3870738,1.3207417,1.3182591,1.301442,1.3074436,1.2724907,1.3349519,1.2300543,1.2208042,1.0999635,1.0937612,1.1879523,1.067228,1.0609931,1.0528436,1,1
2026-05-11 23:30:00,0.0,2.0,63.25,-68.408936,39.046333,27.369915,27.349516,24.843105,25.0685,24.448738,24.289772,24.908031,24.414608,24.5748,24.607725,1.9927003,1.8905823,1.8200406,1.7807878,1.7307034,1.6140885,1.3970183,1.4159979,1.4060612,1.3849653,1.3208015,1.3159918,1.3099781,1.3184366,1.2721872,1.2998283,1.2274835,1.2208011,1.0999628,1.0913972,1.1073312,1.0729744,1.0619652,1.0528138,1,1
2026-05-11 23:40:00,0.0,2.0,63.25,-34.18913,39.043644,27.364271,27.34878,25.36254,24.005762,24.620907,24.818954,24.219028,24.90555,24.930225,24.696484,1.9667716,1.9049184,1.8044418,1.8180405,1.7526921,1.6426009,1.4065381,1.4068671,1.407351,1.3904778,1.3208146,1.314635,1.2938764,1.3095651,1.2650484,1.2243944,1.2237474,1.2207931,1.0999615,1.0924237,1.0357156,1.0697907,1.0613968,1.052816,1,1
2026-05-11 23:50:00,0.0,4.0,63.25,-56.826714,39.020996,27.352192,27.377575,24.783829,24.828642,24.922619,25.01259,24.871727,24.902956,24.706814,24.821354,2.0004866,1.8802344,1.8149874,1.7789042,1.7266427,1.6198647,1.395415,1.4167316,1.4031138,1.3840581,1.3209307,1.3135624,1.3103004,1.3193841,1.2642568,1.1548212,1.2232716,1.2209142,1.0999622,1.0919806,1.0661768,1.0719424,1.0611625,1.05282,1,1
2026-05-12,0.0,2.0,63.25,-38.77535,39.088753,27.4191,27.450924,24.869513,24.957273,24.933372,24.594168,25.060558,24.543394,24.65069,24.698526,1.9595644,1.9060017,1.8056022,1.8157275,1.7563311,1.6322746,1.4071499,1.4021449,1.404301,1.3899013,1.3207641,1.3138326,1.291959,1.3032833,1.2636318,1.1752933,1.2238536,1.2207681,1.0999637,1.0906419,1.0333198,1.0714549,1.0618639,1.0528166,1,1
